player_id,date,tournament_type,position,points,bounties
Пиковая Дама,2026-04-01,double rating points,1,1270,0
Кесадилия,2026-04-01,double rating points,2,1210,0
Драйв,2026-04-01,double rating points,3,1150,0
Дядя Витя,2026-04-01,double rating points,4,1090,0
E_ishutkin,2026-04-01,double rating points,5,1030,0
Gluckspilz8,2026-04-01,double rating points,6,970,0
Amaney,2026-04-01,double rating points,7,910,0
Гризли,2026-04-01,double rating points,8,850,0
clayzid,2026-04-01,double rating points,9,790,0
Настя дай стек,2026-04-01,double rating points,10,730,0
Бэндер,2026-04-01,double rating points,11,720,0
Чейз,2026-04-01,double rating points,12,710,0
maria_merlot,2026-04-01,double rating points,13,700,0
nikaef,2026-04-01,double rating points,14,690,0
В азарт не входим,2026-04-01,double rating points,15,680,0
Я ненавижу покер v.2,2026-04-01,double rating points,16,670,0
Mihmbox,2026-04-01,double rating points,17,660,0
Niko,2026-04-01,double rating points,18,650,0
Maya,2026-04-01,double rating points,19,590,0
ПокерНЕок,2026-04-01,double rating points,20,580,0
Vitos2049,2026-04-01,double rating points,21,570,0
Кальян,2026-04-01,double rating points,22,560,0
yakushevass,2026-04-01,double rating points,23,550,0
EliasPavlov,2026-04-01,double rating points,24,540,0
Антуан Гризманн,2026-04-01,double rating points,25,530,0
Roman_Furtatov,2026-04-01,double rating points,26,520,0
Игорь,2026-04-01,double rating points,27,510,0
Тихоня,2026-04-01,double rating points,28,500,0
nesmotri_v_shelll1,2026-04-01,double rating points,29,490,0
Сан Саныч,2026-04-01,double rating points,30,480,0
Glebchik,2026-04-01,double rating points,31,470,0
britva,2026-04-01,double rating points,32,460,0
Loosars,2026-04-01,double rating points,33,450,0
Fed,2026-04-01,double rating points,34,440,0
Пассажир,2026-04-01,double rating points,35,430,0
ksuhony,2026-04-01,double rating points,36,420,0
lildinozz,2026-04-01,double rating points,37,410,0
MMM,2026-04-01,double rating points,38,400,0
Добросердечный,2026-04-01,double rating points,39,390,0
finch79,2026-04-01,double rating points,40,380,0
Benjaminim,2026-04-01,double rating points,41,370,0
dolMy,2026-04-01,double rating points,42,360,0
kykywka,2026-04-01,double rating points,43,350,0
srgzorge,2026-04-01,double rating points,44,340,0
Kanti,2026-04-01,double rating points,45,320,0
millypoppins,2026-04-01,double rating points,46,310,0
дисциплина,2026-04-01,double rating points,47,300,0
Руслан,2026-04-01,double rating points,48,290,0
turkoid,2026-04-01,double rating points,49,280,0
Obscur,2026-04-01,double rating points,50,270,0
terensv,2026-04-01,double rating points,51,260,0
fe1k,2026-04-01,double rating points,52,250,0
Сокол,2026-04-01,double rating points,53,240,0
Плейбой в карты,2026-04-01,double rating points,54,230,0
ollisava,2026-04-01,double rating points,55,220,0
Михаил,2026-04-01,double rating points,56,210,0
Luter,2026-04-01,double rating points,57,200,0
3y6a,2026-04-01,double rating points,58,190,0
svyatophor,2026-04-01,double rating points,59,180,0
Ромчик,2026-04-01,double rating points,60,170,0
Стич,2026-04-01,double rating points,61,160,0
Staryii,2026-04-01,double rating points,62,150,0
Great Teacher Onizuka,2026-04-01,double rating points,63,140,0
ra_uffff,2026-04-01,double rating points,64,130,0
322,2026-04-01,double rating points,65,120,0
дюдю221,2026-04-01,double rating points,66,110,0
liykaaa,2026-04-01,double rating points,67,100,0
armenka_26,2026-04-01,double rating points,68,90,0
Gurman_has,2026-04-01,double rating points,69,80,0
llqsmvaa,2026-04-01,double rating points,70,70,0
Yanchik_250,2026-04-01,double rating points,71,60,0
q1ardash,2026-04-01,double rating points,72,50,0
dunkaeva,2026-04-01,double rating points,73,40,0
Яша,2026-04-01,double rating points,74,30,0
Борис26,2026-04-01,double rating points,75,20,0
Котяра,2026-04-01,double rating points,76,10,0
Кесадилия,2026-04-02,high roller,1,1000,0
WHATSWRONGib,2026-04-02,high roller,2,850,0
Roman_Furtatov,2026-04-02,high roller,3,750,0
Антуан Гризманн,2026-04-02,high roller,4,680,0
Я ненавижу покер v.2,2026-04-02,high roller,5,620,0
Пупупу,2026-04-02,high roller,6,570,0
Nicetry,2026-04-02,high roller,7,530,0
Obscur,2026-04-02,high roller,8,500,0
sl1dbygad,2026-04-02,high roller,9,470,0
Похмельный Принц,2026-04-02,high roller,10,450,0
като,2026-04-02,high roller,11,430,0
yakushevass,2026-04-02,high roller,12,415,0
MRX,2026-04-02,high roller,13,400,0
Тим,2026-04-02,high roller,14,385,0
clayzid,2026-04-02,high roller,15,370,0
nesmotri_v_shelll1,2026-04-02,high roller,16,355,0
базара нет,2026-04-02,high roller,17,340,0
ПокерНЕок,2026-04-02,high roller,18,325,0
Chinaski,2026-04-02,high roller,19,310,0
E_ishutkin,2026-04-02,high roller,20,295,0
stil9ger,2026-04-02,high roller,21,280,0
Thomas,2026-04-02,high roller,22,265,0
7,2026-04-02,high roller,23,250,0
КПД,2026-04-02,high roller,24,240,0
Chesters,2026-04-02,high roller,25,230,0
Kalper,2026-04-02,high roller,26,220,0
Дядя Витя,2026-04-02,high roller,27,215,0
jieb,2026-04-02,high roller,28,210,0
YsL_141,2026-04-02,high roller,29,205,0
SvetloLi,2026-04-02,high roller,30,200,0
dolMy,2026-04-02,high roller,31,0,0
kalabinka,2026-04-02,high roller,32,0,0
Ташкент,2026-04-02,high roller,33,0,0
IvanPrivetov,2026-04-02,high roller,34,0,0
Gevorg A.,2026-04-02,high roller,35,0,0
artēm lois,2026-04-02,high roller,36,0,0
storum,2026-04-02,high roller,37,0,0
Крекер,2026-04-02,high roller,38,0,0
sako,2026-04-02,high roller,39,0,0
дюдю221,2026-04-02,high roller,40,0,0
wasapmaaan,2026-04-02,high roller,41,0,0
rakushin,2026-04-02,high roller,42,0,0
Руслан,2026-04-02,high roller,43,0,0
Бэндер,2026-04-02,high roller,44,0,0
666,2026-04-02,high roller,45,0,0
cheremsha,2026-04-02,high roller,46,0,0
iismall,2026-04-02,high roller,47,0,0
sasha12039,2026-04-02,high roller,48,0,0
db_jo,2026-04-02,high roller,49,0,0
Eternity,2026-04-02,high roller,50,0,0
Jlanc,2026-04-02,high roller,51,0,0
Славный парень,2026-04-02,high roller,52,0,0
ksuhony,2026-04-02,high roller,53,0,0
nord,2026-04-02,high roller,54,0,0
кинчоч,2026-04-02,high roller,55,0,0
В азарт не входим,2026-04-02,high roller,56,0,0
96,2026-04-02,high roller,57,0,0
bogdansskii,2026-04-02,high roller,58,0,0
пошлая блондинка,2026-04-02,high roller,59,0,0
Vitos2049,2026-04-02,high roller,60,0,0
b0n6ny,2026-04-02,high roller,61,0,0
MalakhoFFuN,2026-04-02,high roller,62,0,0
Trasher,2026-04-02,high roller,63,0,0
дисциплина,2026-04-02,high roller,64,0,0
katevertu,2026-04-02,high roller,65,0,0
Сема,2026-04-02,high roller,66,0,0
чёрт это Брайан!,2026-04-02,high roller,67,0,0
LateNightCraver,2026-04-02,high roller,68,0,0
finch79,2026-04-02,high roller,69,0,0
levevgeneech,2026-04-02,high roller,70,0,0
Cateroq,2026-04-02,high roller,71,0,0
dnns,2026-04-02,high roller,72,0,0
lunarprismgms,2026-04-02,high roller,73,0,0
Niko,2026-04-02,high roller,74,0,0
set,2026-04-02,high roller,75,0,0
Loosars,2026-04-02,high roller,76,0,0
Monte_arm,2026-04-02,high roller,77,0,0
tt1ma23,2026-04-02,high roller,78,0,0
Комарик,2026-04-02,high roller,79,0,0
Gluckspilz8,2026-04-02,high roller,80,0,0
Number(cat),2026-04-02,high roller,81,0,0
mary_muse7,2026-04-02,high roller,82,0,0
Mozilo,2026-04-02,high roller,83,0,0
lolapilota,2026-04-02,high roller,84,0,0
Ромчик,2026-04-02,high roller,85,0,0
Great Teacher Onizuka,2026-04-02,high roller,86,0,0
viko,2026-04-02,high roller,87,0,0
munkivugo,2026-04-02,high roller,88,0,0
Fisa_blat,2026-04-02,high roller,89,0,0
Lazurin,2026-04-02,high roller,90,0,0
ns_sh,2026-04-02,high roller,91,0,0
doom,2026-04-02,high roller,92,0,0
motorpe,2026-04-02,high roller,93,0,0
pavel_k001,2026-04-02,high roller,94,0,0
Aziz,2026-04-02,high roller,95,0,0
Викусик,2026-04-02,high roller,96,0,0
as1iva,2026-04-02,high roller,97,0,0
Холодный,2026-04-02,high roller,98,0,0
S4nzh1k,2026-04-02,high roller,99,0,0
KisGeorgiy,2026-04-02,high roller,100,0,0
millaterek,2026-04-02,high roller,101,0,0
antonborulya,2026-04-02,high roller,102,0,0
millypoppins,2026-04-02,high roller,103,0,0
Lori,2026-04-02,high roller,104,0,0
miroyals,2026-04-02,high roller,105,0,0
Митя,2026-04-02,high roller,106,0,0
Riteral,2026-04-02,high roller,107,0,0
p191q,2026-04-02,high roller,108,0,0
Chesters,2026-04-03,deep classic,1,885,0
АРАМАИСКА,2026-04-03,deep classic,2,830,0
Дядя Витя,2026-04-03,deep classic,3,775,0
Mihmbox,2026-04-03,deep classic,4,720,0
Korney,2026-04-03,deep classic,5,665,0
yankkk,2026-04-03,deep classic,6,610,0
Fake_Kiss,2026-04-03,deep classic,7,555,0
Никитос,2026-04-03,deep classic,8,500,0
Руслан,2026-04-03,deep classic,9,445,0
clayzid,2026-04-03,deep classic,10,390,0
Кадык,2026-04-03,deep classic,11,385,0
Aronio,2026-04-03,deep classic,12,380,0
Стич,2026-04-03,deep classic,13,375,0
FISHer,2026-04-03,deep classic,14,370,0
Я ненавижу покер v.2,2026-04-03,deep classic,15,365,0
Тихоня,2026-04-03,deep classic,16,360,0
Moпс,2026-04-03,deep classic,17,355,0
sasha12039,2026-04-03,deep classic,18,350,0
@TryFraiz,2026-04-03,deep classic,19,295,0
ajolana,2026-04-03,deep classic,20,290,0
Lili,2026-04-03,deep classic,21,285,0
Драйв,2026-04-03,deep classic,22,280,0
кинчоч,2026-04-03,deep classic,23,275,0
Niko,2026-04-03,deep classic,24,270,0
dunkaeva,2026-04-03,deep classic,25,265,0
Гризли,2026-04-03,deep classic,26,260,0
Сокол,2026-04-03,deep classic,27,255,0
Amaney,2026-04-03,deep classic,28,250,0
Vitos2049,2026-04-03,deep classic,29,245,0
Комарик,2026-04-03,deep classic,30,240,0
Davys,2026-04-03,deep classic,31,235,0
депаю_квартиру,2026-04-03,deep classic,32,230,0
nkuraevv,2026-04-03,deep classic,33,225,0
unoragazzo1,2026-04-03,deep classic,34,220,0
Кесадилия,2026-04-03,deep classic,35,215,0
sereezka,2026-04-03,deep classic,36,210,0
Roman_Furtatov,2026-04-03,deep classic,37,205,0
Mavrodi,2026-04-03,deep classic,38,200,0
makarp_1405,2026-04-03,deep classic,39,195,0
ismail_0I,2026-04-03,deep classic,40,190,0
lavr,2026-04-03,deep classic,41,185,0
ksuhony,2026-04-03,deep classic,42,180,0
Доктор,2026-04-03,deep classic,43,175,0
Sdkv_Rus,2026-04-03,deep classic,44,170,0
Zotka,2026-04-03,deep classic,45,165,0
rodikkks,2026-04-03,deep classic,46,160,0
Glebchik,2026-04-03,deep classic,47,155,0
Tatara_mama,2026-04-03,deep classic,48,150,0
Настя дай стек,2026-04-03,deep classic,49,145,0
Sharif,2026-04-03,deep classic,50,140,0
Danila158,2026-04-03,deep classic,51,135,0
wavesVA,2026-04-03,deep classic,52,130,0
artyomkalina,2026-04-03,deep classic,53,125,0
Rocknroll,2026-04-03,deep classic,54,120,0
cheremsha,2026-04-03,deep classic,55,115,0
Кальян,2026-04-03,deep classic,56,110,0
бандэрос,2026-04-03,deep classic,57,105,0
Obscur,2026-04-03,deep classic,58,100,0
Толстый,2026-04-03,deep classic,59,95,0
nesmotri_v_shelll1,2026-04-03,deep classic,60,90,0
Плейбой в карты,2026-04-03,deep classic,61,85,0
vasilisa-vasilek,2026-04-03,deep classic,62,80,0
Dead0k228,2026-04-03,deep classic,63,75,0
slavoniandp,2026-04-03,deep classic,64,70,0
iiruusyaa,2026-04-03,deep classic,65,65,0
krutoy_mujik,2026-04-03,deep classic,66,60,0
Tvoy Bro,2026-04-03,deep classic,67,55,0
АЪАЪПЪ,2026-04-03,deep classic,68,50,0
aprilse,2026-04-03,deep classic,69,45,0
Сан Саныч,2026-04-03,deep classic,70,40,0
darisunn,2026-04-03,deep classic,71,35,0
ya_vgb,2026-04-03,deep classic,72,30,0
Arthur,2026-04-03,deep classic,73,25,0
stasbeshl,2026-04-03,deep classic,74,20,0
Ромчик,2026-04-03,deep classic,75,15,0
Кайф,2026-04-03,deep classic,76,10,0
Лудик,2026-04-03,deep classic,77,5,0
Дядя Витя,2026-04-04,bounty,1,1475,21
Комарик,2026-04-04,bounty,2,1380,19
Антуан Гризманн,2026-04-04,bounty,3,1005,3
maksim,2026-04-04,bounty,4,1030,7
LateNightCraver,2026-04-04,bounty,5,875,2
Котяра,2026-04-04,bounty,6,880,5
nnnekk,2026-04-04,bounty,7,745,1
Пассажир,2026-04-04,bounty,8,850,9
Агент Пи,2026-04-04,bounty,9,675,3
Плейбой в карты,2026-04-04,bounty,10,660,5
clayzid,2026-04-04,bounty,11,655,5
Сан Саныч,2026-04-04,bounty,12,750,10
Владимир,2026-04-04,bounty,13,565,1
Кинзу,2026-04-04,bounty,14,620,4
Retbin,2026-04-04,bounty,15,535,0
Драйв,2026-04-04,bounty,16,710,9
Аркадий,2026-04-04,bounty,17,565,2
дисциплина,2026-04-04,bounty,18,640,6
kirp4712,2026-04-04,bounty,19,505,2
Gevorg A.,2026-04-04,bounty,20,500,2
Roman_Furtatov,2026-04-04,bounty,21,475,1
andrei_1517,2026-04-04,bounty,22,470,1
yakushevass,2026-04-04,bounty,23,465,1
@TryFraiz,2026-04-04,bounty,24,500,3
tt1ma23,2026-04-04,bounty,25,475,2
Vitos2049,2026-04-04,bounty,26,470,2
VlaDDOS,2026-04-04,bounty,27,465,2
rus210385,2026-04-04,bounty,28,580,8
Yuportal,2026-04-04,bounty,29,415,0
ЭтоМойНик,2026-04-04,bounty,30,410,0
mary_petu,2026-04-04,bounty,31,405,0
Мутьметалист,2026-04-04,bounty,32,520,6
Дринкинс,2026-04-04,bounty,33,475,4
ПокерНЕок,2026-04-04,bounty,34,470,4
ceocench23,2026-04-04,bounty,35,485,5
gastey10,2026-04-04,bounty,36,400,1
ksuhony,2026-04-04,bounty,37,395,1
MikimausRA,2026-04-04,bounty,38,390,1
Сарадип,2026-04-04,bounty,39,545,9
E_ishutkin,2026-04-04,bounty,40,440,4
ddv,2026-04-04,bounty,41,375,1
yankkk,2026-04-04,bounty,42,370,1
Staryii,2026-04-04,bounty,43,345,0
anytal07,2026-04-04,bounty,44,380,2
Niko,2026-04-04,bounty,45,475,7
alexishine,2026-04-04,bounty,46,330,0
Никитос,2026-04-04,bounty,47,425,5
бандэрос,2026-04-04,bounty,48,380,3
Seympl,2026-04-04,bounty,49,335,1
emmdems,2026-04-04,bounty,50,350,2
exprecc1,2026-04-04,bounty,51,305,0
Степка,2026-04-04,bounty,52,300,0
Danila158,2026-04-04,bounty,53,315,1
Bushido,2026-04-04,bounty,54,370,4
Кадык,2026-04-04,bounty,55,285,0
Gluckspilz8,2026-04-04,bounty,56,340,3
Ochkoshnik,2026-04-04,bounty,57,275,0
yurievna_tanita,2026-04-04,bounty,58,270,0
АРАМАИСКА,2026-04-04,bounty,59,445,9
rusya6996,2026-04-04,bounty,60,320,3
Gordey_zhuravlev,2026-04-04,bounty,61,315,3
Kanti,2026-04-04,bounty,62,250,0
aleksandr_forever_young,2026-04-04,bounty,63,285,2
katevertu,2026-04-04,bounty,64,300,3
salatikkkkss,2026-04-04,bounty,65,235,0
Bogdan37371,2026-04-04,bounty,66,270,2
В азарт не входим,2026-04-04,bounty,67,225,0
nesmotri_v_shelll1,2026-04-04,bounty,68,220,0
Aronio,2026-04-04,bounty,69,275,3
Vlad_mafia,2026-04-04,bounty,70,210,0
BigDosss,2026-04-04,bounty,71,205,0
Настя дай стек,2026-04-04,bounty,72,200,0
Rik_dds,2026-04-04,bounty,73,195,0
Luter,2026-04-04,bounty,74,190,0
supelimen,2026-04-04,bounty,75,205,1
Yanchik_250,2026-04-04,bounty,76,200,1
Руслан,2026-04-04,bounty,77,175,0
Ggggbet_g,2026-04-04,bounty,78,170,0
anastasiah1,2026-04-04,bounty,79,185,1
Chesters,2026-04-04,bounty,80,160,0
3y6a,2026-04-04,bounty,81,155,0
Juli_Diakova,2026-04-04,bounty,82,150,0
VB,2026-04-04,bounty,83,185,2
DeM_oN9,2026-04-04,bounty,84,140,0
Сема,2026-04-04,bounty,85,135,0
Roberto,2026-04-04,bounty,86,130,0
HappySeminary,2026-04-04,bounty,87,145,1
TheDenchik,2026-04-04,bounty,88,120,0
leronyyyyy,2026-04-04,bounty,89,115,0
fershtain,2026-04-04,bounty,90,110,0
Эди не доехал,2026-04-04,bounty,91,165,3
ovattory,2026-04-04,bounty,92,140,2
max_profitt,2026-04-04,bounty,93,95,0
Great Teacher Onizuka,2026-04-04,bounty,94,110,1
VG,2026-04-04,bounty,95,85,0
maver,2026-04-04,bounty,96,80,0
Мишаня,2026-04-04,bounty,97,75,0
subbotinsss,2026-04-04,bounty,98,70,0
Даня,2026-04-04,bounty,99,65,0
Diar,2026-04-04,bounty,100,80,1
Танк,2026-04-04,bounty,101,75,1
8117507677,2026-04-04,bounty,102,90,2
kshkakrtk,2026-04-04,bounty,103,65,1
Tvoy Bro,2026-04-04,bounty,104,40,0
arinas399,2026-04-04,bounty,105,55,1
taya_gtx,2026-04-04,bounty,106,30,0
Стич,2026-04-04,bounty,107,25,0
Artemka,2026-04-04,bounty,108,60,2
sugloboff,2026-04-04,bounty,109,55,2
Dmitriy123,2026-04-04,bounty,110,10,0
Энджи,2026-04-04,bounty,111,5,0
Гризли,2026-04-05,triple shot,1,880,0
Roman_Furtatov,2026-04-05,triple shot,2,825,0
дисциплина,2026-04-05,triple shot,3,770,0
Yanchik_250,2026-04-05,triple shot,4,715,0
дюдю221,2026-04-05,triple shot,5,660,0
Коленвал,2026-04-05,triple shot,6,605,0
Leonid1212,2026-04-05,triple shot,7,550,0
Мурат,2026-04-05,triple shot,8,495,0
Отец Дмитрий,2026-04-05,triple shot,9,440,0
Kanti,2026-04-05,triple shot,10,385,0
Никитос,2026-04-05,triple shot,11,380,0
yakushevass,2026-04-05,triple shot,12,375,0
Андрей13,2026-04-05,triple shot,13,370,0
Staryii,2026-04-05,triple shot,14,365,0
Я ненавижу покер v.2,2026-04-05,triple shot,15,360,0
ksuhony,2026-04-05,triple shot,16,355,0
avveev,2026-04-05,triple shot,17,350,0
Добряк,2026-04-05,triple shot,18,345,0
PePe,2026-04-05,triple shot,19,290,0
Sergomashina666,2026-04-05,triple shot,20,285,0
Gluckspilz8,2026-04-05,triple shot,21,280,0
Кинзу,2026-04-05,triple shot,22,275,0
E_ishutkin,2026-04-05,triple shot,23,270,0
Gargul,2026-04-05,triple shot,24,265,0
Леон,2026-04-05,triple shot,25,260,0
Obscur,2026-04-05,triple shot,26,255,0
Alkyds,2026-04-05,triple shot,27,250,0
millaterek,2026-04-05,triple shot,28,245,0
Добросердечный,2026-04-05,triple shot,29,240,0
ArtemMelll,2026-04-05,triple shot,30,235,0
Чейз,2026-04-05,triple shot,31,230,0
Кесадилия,2026-04-05,triple shot,32,225,0
Haksly,2026-04-05,triple shot,33,220,0
Настя дай стек,2026-04-05,triple shot,34,215,0
kirienish,2026-04-05,triple shot,35,210,0
Niko,2026-04-05,triple shot,36,205,0
Бэндер,2026-04-05,triple shot,37,200,0
Руслан,2026-04-05,triple shot,38,195,0
CATALINA,2026-04-05,triple shot,39,190,0
Retbin,2026-04-05,triple shot,40,185,0
EbalyakY,2026-04-05,triple shot,41,180,0
yankkk,2026-04-05,triple shot,42,175,0
dama_pica,2026-04-05,triple shot,43,170,0
Ватафа,2026-04-05,triple shot,44,165,0
чёрт это Брайан!,2026-04-05,triple shot,45,160,0
dunkaeva,2026-04-05,triple shot,46,155,0
Викусик,2026-04-05,triple shot,47,150,0
Nadezda,2026-04-05,triple shot,48,145,0
kk1ruha,2026-04-05,triple shot,49,140,0
Doc,2026-04-05,triple shot,50,135,0
duy27,2026-04-05,triple shot,51,130,0
Bagira,2026-04-05,triple shot,52,125,0
BigDosss,2026-04-05,triple shot,53,120,0
AnalSatan666,2026-04-05,triple shot,54,115,0
Abstract,2026-04-05,triple shot,55,110,0
Ochkoshnik,2026-04-05,triple shot,56,105,0
Alkosport,2026-04-05,triple shot,57,100,0
ndfnd17,2026-04-05,triple shot,58,95,0
Nurlan,2026-04-05,triple shot,59,90,0
balbes,2026-04-05,triple shot,60,85,0
finch79,2026-04-05,triple shot,61,80,0
rusya6996,2026-04-05,triple shot,62,75,0
Rik_dds,2026-04-05,triple shot,63,70,0
Даня,2026-04-05,triple shot,64,65,0
Ромчик,2026-04-05,triple shot,65,60,0
altyshkinnn,2026-04-05,triple shot,66,55,0
Mozilo,2026-04-05,triple shot,67,50,0
anutkabuon,2026-04-05,triple shot,68,45,0
Фиш,2026-04-05,triple shot,69,40,0
Marina123,2026-04-05,triple shot,70,35,0
Bakha123,2026-04-05,triple shot,71,30,0
Gg,2026-04-05,triple shot,72,25,0
fistful07,2026-04-05,triple shot,73,20,0
nikaef,2026-04-05,triple shot,74,15,0
ellyelvira,2026-04-05,triple shot,75,10,0
@Guzabelle,2026-04-05,triple shot,76,5,0
Roman_Furtatov,2026-04-08,double rating points,1,1190,0
vovaa_25,2026-04-08,double rating points,2,1130,0
Mihmbox,2026-04-08,double rating points,3,1070,0
Руслан,2026-04-08,double rating points,4,1010,0
Гризли,2026-04-08,double rating points,5,950,0
Кинзу,2026-04-08,double rating points,6,890,0
дисциплина,2026-04-08,double rating points,7,830,0
Vitos2049,2026-04-08,double rating points,8,770,0
MMM,2026-04-08,double rating points,9,710,0
Гонзалес,2026-04-08,double rating points,10,650,0
Alkyds,2026-04-08,double rating points,11,640,0
В азарт не входим,2026-04-08,double rating points,12,630,0
Benjaminim,2026-04-08,double rating points,13,620,0
kirienish,2026-04-08,double rating points,14,610,0
7,2026-04-08,double rating points,15,600,0
Я ненавижу покер v.2,2026-04-08,double rating points,16,590,0
clayzid,2026-04-08,double rating points,17,580,0
Драйв,2026-04-08,double rating points,18,570,0
iismall,2026-04-08,double rating points,19,510,0
Никитос,2026-04-08,double rating points,20,500,0
Блейн Моно,2026-04-08,double rating points,21,490,0
Yanchik_250,2026-04-08,double rating points,22,480,0
Тихоня,2026-04-08,double rating points,23,470,0
Amaney,2026-04-08,double rating points,24,460,0
дюдю221,2026-04-08,double rating points,25,450,0
Котяра,2026-04-08,double rating points,26,440,0
Al,2026-04-08,double rating points,27,430,0
Настя дай стек,2026-04-08,double rating points,28,420,0
Kalper,2026-04-08,double rating points,29,410,0
EliasPavlov,2026-04-08,double rating points,30,400,0
Akari,2026-04-08,double rating points,31,390,0
Niko,2026-04-08,double rating points,32,380,0
katevertu,2026-04-08,double rating points,33,370,0
dama_pica,2026-04-08,double rating points,34,360,0
Бэндер,2026-04-08,double rating points,35,350,0
ПокерНЕок,2026-04-08,double rating points,36,340,0
Антуан Гризманн,2026-04-08,double rating points,37,330,0
Добросердечный,2026-04-08,double rating points,38,320,0
Staryii,2026-04-08,double rating points,39,310,0
Alexandra,2026-04-08,double rating points,40,300,0
Great Teacher Onizuka,2026-04-08,double rating points,41,290,0
АРАМАИСКА,2026-04-08,double rating points,42,280,0
Yrs,2026-04-08,double rating points,43,270,0
Zubrilliant,2026-04-08,double rating points,44,260,0
lildinozz,2026-04-08,double rating points,45,250,0
sl1dbygad,2026-04-08,double rating points,46,240,0
Obscur,2026-04-08,double rating points,47,230,0
Bonk,2026-04-08,double rating points,48,220,0
Пассажир,2026-04-08,double rating points,49,210,0
Gurman_has,2026-04-08,double rating points,50,200,0
KochenovM,2026-04-08,double rating points,51,190,0
friendly_pppoker,2026-04-08,double rating points,52,180,0
Игорь,2026-04-08,double rating points,53,170,0
mvkiss,2026-04-08,double rating points,54,160,0
Пиковая Дама,2026-04-08,double rating points,55,150,0
Gevorg A.,2026-04-08,double rating points,56,140,0
Ромчик,2026-04-08,double rating points,57,130,0
kykywka,2026-04-08,double rating points,58,120,0
rintaxz,2026-04-08,double rating points,59,110,0
neladenx,2026-04-08,double rating points,60,100,0
като,2026-04-08,double rating points,61,90,0
Славный парень,2026-04-08,double rating points,62,80,0
Gluckspilz8,2026-04-08,double rating points,63,70,0
krishem98,2026-04-08,double rating points,64,60,0
andy_home_left,2026-04-08,double rating points,65,50,0
kk1ruha,2026-04-08,double rating points,66,40,0
Crveni,2026-04-08,double rating points,67,30,0
Пришелец,2026-04-08,double rating points,68,20,0
риверра,2026-04-08,double rating points,69,10,0
ПокерНЕок,2026-04-09,high roller,1,1000,0
Добряк,2026-04-09,high roller,2,850,0
Антуан Гризманн,2026-04-09,high roller,3,750,0
Коленвал,2026-04-09,high roller,4,680,0
дисциплина,2026-04-09,high roller,5,620,0
Кальян,2026-04-09,high roller,6,570,0
Кадык,2026-04-09,high roller,7,530,0
Lazurin,2026-04-09,high roller,8,500,0
lildinozz,2026-04-09,high roller,9,470,0
Пупупу,2026-04-09,high roller,10,450,0
КПД,2026-04-09,high roller,11,430,0
Я ненавижу покер v.2,2026-04-09,high roller,12,415,0
Loosars,2026-04-09,high roller,13,400,0
cheremsha,2026-04-09,high roller,14,385,0
Ташкент,2026-04-09,high roller,15,370,0
Котяра,2026-04-09,high roller,16,355,0
WHATSWRONGib,2026-04-09,high roller,17,340,0
clayzid,2026-04-09,high roller,18,325,0
Кинзу,2026-04-09,high roller,19,310,0
Ромчик,2026-04-09,high roller,20,295,0
Niko,2026-04-09,high roller,21,280,0
Kanti,2026-04-09,high roller,22,265,0
В азарт не входим,2026-04-09,high roller,23,250,0
sako,2026-04-09,high roller,24,240,0
dolMy,2026-04-09,high roller,25,230,0
sl1dbygad,2026-04-09,high roller,26,220,0
базара нет,2026-04-09,high roller,27,215,0
Мал221,2026-04-09,high roller,28,210,0
yakushevass,2026-04-09,high roller,29,205,0
Vitos2049,2026-04-09,high roller,30,200,0
Kroxa,2026-04-09,high roller,31,0,0
sushk0v_aa,2026-04-09,high roller,32,0,0
Пиковая Дама,2026-04-09,high roller,33,0,0
Amak,2026-04-09,high roller,34,0,0
jieb,2026-04-09,high roller,35,0,0
Мистер Капюшон,2026-04-09,high roller,36,0,0
дюдю221,2026-04-09,high roller,37,0,0
E_ishutkin,2026-04-09,high roller,38,0,0
OwTlion,2026-04-09,high roller,39,0,0
Asakura_Russell,2026-04-09,high roller,40,0,0
Митя,2026-04-09,high roller,41,0,0
tdd_miis,2026-04-09,high roller,42,0,0
Руслан,2026-04-09,high roller,43,0,0
Nolekri,2026-04-09,high roller,44,0,0
Roman_Furtatov,2026-04-09,high roller,45,0,0
stasbeshl,2026-04-09,high roller,46,0,0
Jlanc,2026-04-09,high roller,47,0,0
Комарик,2026-04-09,high roller,48,0,0
ЭтоМойНик,2026-04-09,high roller,49,0,0
azipas,2026-04-09,high roller,50,0,0
EliasPavlov,2026-04-09,high roller,51,0,0
кинчоч,2026-04-09,high roller,52,0,0
Пассажир,2026-04-09,high roller,53,0,0
mary_muse7,2026-04-09,high roller,54,0,0
Ксюша,2026-04-09,high roller,55,0,0
Gluckspilz8,2026-04-09,high roller,56,0,0
Elisey,2026-04-09,high roller,57,0,0
Benjaminim,2026-04-09,high roller,58,0,0
MRX,2026-04-09,high roller,59,0,0
Grotesque,2026-04-09,high roller,60,0,0
Агент Пи,2026-04-09,high roller,61,0,0
katevertu,2026-04-09,high roller,62,0,0
papaoleja,2026-04-09,high roller,63,0,0
by_twentyseven,2026-04-09,high roller,64,0,0
Yrs,2026-04-09,high roller,65,0,0
Thomas,2026-04-09,high roller,66,0,0
Викусик,2026-04-09,high roller,67,0,0
yankkk,2026-04-09,high roller,68,0,0
Chicago,2026-04-09,high roller,69,0,0
Yanchik_250,2026-04-09,high roller,70,0,0
bee1ler1,2026-04-09,high roller,71,0,0
duy27,2026-04-09,high roller,72,0,0
pavel_k001,2026-04-09,high roller,73,0,0
Narcho,2026-04-09,high roller,74,0,0
Lontsom,2026-04-09,high roller,75,0,0
Чейз,2026-04-09,high roller,76,0,0
Obscur,2026-04-09,high roller,77,0,0
akim_rha,2026-04-09,high roller,78,0,0
Ar1k_3,2026-04-09,high roller,79,0,0
iliavolk,2026-04-09,high roller,80,0,0
Great Teacher Onizuka,2026-04-09,high roller,81,0,0
Kostas,2026-04-09,high roller,82,0,0
Serg,2026-04-09,high roller,83,0,0
SvetloLi,2026-04-09,high roller,84,0,0
maria_merlot,2026-04-09,high roller,85,0,0
Сан Саныч,2026-04-09,high roller,86,0,0
@Anastasiia_Fedoss,2026-04-09,high roller,87,0,0
@terensv,2026-04-09,high roller,88,0,0
Bapha,2026-04-09,high roller,89,0,0
maver,2026-04-09,high roller,90,0,0
KochenovM,2026-04-09,high roller,91,0,0
steff916,2026-04-09,high roller,92,0,0
черешня,2026-04-09,high roller,93,0,0
cubaa,2026-04-09,high roller,94,0,0
sasha12039,2026-04-09,high roller,95,0,0
hobra1king,2026-04-09,high roller,96,0,0
Brooklyn,2026-04-09,high roller,97,0,0
ns_sh,2026-04-09,high roller,98,0,0
GAGARIN_UR,2026-04-09,high roller,99,0,0
pro100_bustal,2026-04-09,high roller,100,0,0
littlee_sushi,2026-04-09,high roller,101,0,0
Mozilo,2026-04-09,high roller,102,0,0
чёрт это Брайан!,2026-04-09,high roller,103,0,0
denisyoung04,2026-04-09,high roller,104,0,0
tt1ma23,2026-04-09,high roller,105,0,0
Davinaru,2026-04-09,high roller,106,0,0
No1z11,2026-04-09,high roller,107,0,0
Retbin,2026-04-09,high roller,108,0,0
rFikser,2026-04-09,high roller,109,0,0
millypoppins,2026-04-09,high roller,110,0,0
Никитос,2026-04-09,high roller,111,0,0
Roman_Stropel,2026-04-09,high roller,112,0,0
eiforik,2026-04-09,high roller,113,0,0
Nicetry,2026-04-09,high roller,114,0,0
Lock,2026-04-09,high roller,115,0,0
KisGeorgiy,2026-04-09,high roller,116,0,0
Arthur,2026-04-09,high roller,117,0,0
Chesters,2026-04-09,high roller,118,0,0
S4O4T,2026-04-09,high roller,119,0,0
дисциплина,2026-04-10,deep classic,1,925,0
Гризли,2026-04-10,deep classic,2,870,0
Руслан,2026-04-10,deep classic,3,815,0
Ромчик,2026-04-10,deep classic,4,760,0
Я ненавижу покер v.2,2026-04-10,deep classic,5,705,0
депаю_квартиру,2026-04-10,deep classic,6,650,0
Shuricspinoza,2026-04-10,deep classic,7,595,0
Тихоня,2026-04-10,deep classic,8,540,0
Roman_Furtatov,2026-04-10,deep classic,9,485,0
Кальян,2026-04-10,deep classic,10,430,0
Fake_Kiss,2026-04-10,deep classic,11,425,0
ser2315,2026-04-10,deep classic,12,420,0
Aleks_man,2026-04-10,deep classic,13,415,0
E_ishutkin,2026-04-10,deep classic,14,410,0
Бэндер,2026-04-10,deep classic,15,405,0
Никитос,2026-04-10,deep classic,16,400,0
ЭтоМойНик,2026-04-10,deep classic,17,395,0
Yanchik_250,2026-04-10,deep classic,18,390,0
Пиковая Дама,2026-04-10,deep classic,19,335,0
dolMy,2026-04-10,deep classic,20,330,0
artyomkalina,2026-04-10,deep classic,21,325,0
rusya6996,2026-04-10,deep classic,22,320,0
Викусик,2026-04-10,deep classic,23,315,0
Leva10Leva,2026-04-10,deep classic,24,310,0
Толстый,2026-04-10,deep classic,25,305,0
sasha12039,2026-04-10,deep classic,26,300,0
Драйв,2026-04-10,deep classic,27,295,0
nesmotri_v_shelll1,2026-04-10,deep classic,28,290,0
Drizeak,2026-04-10,deep classic,29,285,0
Мария Кудашова,2026-04-10,deep classic,30,280,0
sssx_xsss,2026-04-10,deep classic,31,275,0
vladuk1love,2026-04-10,deep classic,32,270,0
paz_mafia_777,2026-04-10,deep classic,33,265,0
Andron,2026-04-10,deep classic,34,260,0
nixsa_r,2026-04-10,deep classic,35,255,0
Serg,2026-04-10,deep classic,36,250,0
Aronio,2026-04-10,deep classic,37,245,0
avveev,2026-04-10,deep classic,38,240,0
Котяра,2026-04-10,deep classic,39,235,0
Кадык,2026-04-10,deep classic,40,230,0
yakushevass,2026-04-10,deep classic,41,225,0
Geronimo,2026-04-10,deep classic,42,220,0
Хэнк Муди,2026-04-10,deep classic,43,215,0
makarp_1405,2026-04-10,deep classic,44,210,0
blockbody,2026-04-10,deep classic,45,205,0
Игорь,2026-04-10,deep classic,46,200,0
Chesters,2026-04-10,deep classic,47,195,0
dunkaeva,2026-04-10,deep classic,48,190,0
yankkk,2026-04-10,deep classic,49,185,0
rFikser,2026-04-10,deep classic,50,180,0
Vitos2049,2026-04-10,deep classic,51,175,0
Кинзу,2026-04-10,deep classic,52,170,0
Chicago,2026-04-10,deep classic,53,165,0
Brooklyn,2026-04-10,deep classic,54,160,0
Niko,2026-04-10,deep classic,55,155,0
tikhonov_vlad,2026-04-10,deep classic,56,150,0
Rik_dds,2026-04-10,deep classic,57,145,0
Estetica,2026-04-10,deep classic,58,140,0
Илья,2026-04-10,deep classic,59,135,0
kykywka,2026-04-10,deep classic,60,130,0
чёрт это Брайан!,2026-04-10,deep classic,61,125,0
d_gordienko_d,2026-04-10,deep classic,62,120,0
Сема,2026-04-10,deep classic,63,115,0
Gregory_Semashko,2026-04-10,deep classic,64,110,0
ustayonmymind,2026-04-10,deep classic,65,105,0
ДантеРен,2026-04-10,deep classic,66,100,0
Плейбой в карты,2026-04-10,deep classic,67,95,0
igor forehand,2026-04-10,deep classic,68,90,0
KidPoker,2026-04-10,deep classic,69,85,0
Сан Саныч,2026-04-10,deep classic,70,80,0
Manhattan,2026-04-10,deep classic,71,75,0
препод,2026-04-10,deep classic,72,70,0
Kostas,2026-04-10,deep classic,73,65,0
Сокол,2026-04-10,deep classic,74,60,0
Great Teacher Onizuka,2026-04-10,deep classic,75,55,0
lavr,2026-04-10,deep classic,76,50,0
glebiz,2026-04-10,deep classic,77,45,0
fe1k,2026-04-10,deep classic,78,40,0
yulia.zhm,2026-04-10,deep classic,79,35,0
MNM2108,2026-04-10,deep classic,80,30,0
Ульяна 👽,2026-04-10,deep classic,81,25,0
Lina_5_5,2026-04-10,deep classic,82,20,0
nkuraevv,2026-04-10,deep classic,83,15,0
Nikafrolkin,2026-04-10,deep classic,84,10,0
belsky_tech,2026-04-10,deep classic,85,5,0
Бэндер,2026-04-11,bounty,1,1265,15
ArutunyanArsen,2026-04-11,bounty,2,1170,13
sl1dbygad,2026-04-11,bounty,3,995,7
clayzid,2026-04-11,bounty,4,960,8
yakushevass,2026-04-11,bounty,5,945,10
Макс,2026-04-11,bounty,6,750,3
dama_pica,2026-04-11,bounty,7,715,4
hachatur,2026-04-11,bounty,8,700,6
кинчоч,2026-04-11,bounty,9,625,5
E_ishutkin,2026-04-11,bounty,10,610,7
Гризли,2026-04-11,bounty,11,465,0
Драйв,2026-04-11,bounty,12,580,6
@OlegFirst,2026-04-11,bounty,13,515,3
Nikol’,2026-04-11,bounty,14,450,0
Антуан Гризманн,2026-04-11,bounty,15,485,2
Вильям Дефолд,2026-04-11,bounty,16,540,5
ЛЕНИН,2026-04-11,bounty,17,435,0
Комарик,2026-04-11,bounty,18,470,2
long_2203,2026-04-11,bounty,19,475,5
turkoid,2026-04-11,bounty,20,390,1
Добряк,2026-04-11,bounty,21,545,9
Плейбой в карты,2026-04-11,bounty,22,400,2
LateNightCraver,2026-04-11,bounty,23,355,0
yankkk,2026-04-11,bounty,24,410,3
Kanti,2026-04-11,bounty,25,345,0
Roman_Furtatov,2026-04-11,bounty,26,440,5
Great Teacher Onizuka,2026-04-11,bounty,27,395,3
Serg,2026-04-11,bounty,28,350,1
ustayonmymind,2026-04-11,bounty,29,345,1
Я ненавижу покер v.2,2026-04-11,bounty,30,320,0
ArtemMelll,2026-04-11,bounty,31,335,1
Котяра,2026-04-11,bounty,32,330,1
Кинзу,2026-04-11,bounty,33,365,3
srgzorge,2026-04-11,bounty,34,420,6
mkrnnv,2026-04-11,bounty,35,315,1
ceocench23,2026-04-11,bounty,36,390,5
ddv,2026-04-11,bounty,37,345,3
finch79,2026-04-11,bounty,38,300,1
Rik_dds,2026-04-11,bounty,39,275,0
Vitos2049,2026-04-11,bounty,40,350,4
2puck,2026-04-11,bounty,41,265,0
Mihmbox,2026-04-11,bounty,42,300,2
turabka,2026-04-11,bounty,43,375,6
Amaney,2026-04-11,bounty,44,370,6
kirienish,2026-04-11,bounty,45,365,6
@TryFraiz,2026-04-11,bounty,46,300,3
Staryii,2026-04-11,bounty,47,235,0
Chimedaschool,2026-04-11,bounty,48,250,1
АРАМАИСКА,2026-04-11,bounty,49,365,7
Yanchik_250,2026-04-11,bounty,50,220,0
Alkyds,2026-04-11,bounty,51,215,0
sasha12039,2026-04-11,bounty,52,250,2
vteybash,2026-04-11,bounty,53,205,0
rusya6996,2026-04-11,bounty,54,200,0
В азарт не входим,2026-04-11,bounty,55,275,4
rus210385,2026-04-11,bounty,56,210,1
nesmotri_v_shelll1,2026-04-11,bounty,57,185,0
Викусик,2026-04-11,bounty,58,200,1
Сокол,2026-04-11,bounty,59,375,10
pako_dp,2026-04-11,bounty,60,170,0
Niko,2026-04-11,bounty,61,165,0
embONE,2026-04-11,bounty,62,160,0
AnalSatan666,2026-04-11,bounty,63,155,0
3y6a,2026-04-11,bounty,64,170,1
Chinaski,2026-04-11,bounty,65,145,0
Gargul,2026-04-11,bounty,66,140,0
ПокерНЕок,2026-04-11,bounty,67,195,3
salatikkkkss,2026-04-11,bounty,68,350,11
dato,2026-04-11,bounty,69,125,0
Степка,2026-04-11,bounty,70,120,0
lildinozz,2026-04-11,bounty,71,175,3
Стич,2026-04-11,bounty,72,110,0
Retbin,2026-04-11,bounty,73,105,0
Кадык,2026-04-11,bounty,74,180,4
cheremsha,2026-04-11,bounty,75,115,1
Тигран,2026-04-11,bounty,76,90,0
shadowswager,2026-04-11,bounty,77,105,1
blessed_25,2026-04-11,bounty,78,100,1
mflameee,2026-04-11,bounty,79,75,0
I.D.,2026-04-11,bounty,80,130,3
xirosimaRa,2026-04-11,bounty,81,65,0
lavr,2026-04-11,bounty,82,60,0
NotClerk,2026-04-11,bounty,83,115,3
Никитос,2026-04-11,bounty,84,150,5
Obscur,2026-04-11,bounty,85,105,3
7,2026-04-11,bounty,86,40,0
Dato747,2026-04-11,bounty,87,115,4
Эди не доехал,2026-04-11,bounty,88,30,0
Izonasya,2026-04-11,bounty,89,45,1
katevertu,2026-04-11,bounty,90,20,0
Gluckspilz8,2026-04-11,bounty,91,15,0
максик,2026-04-11,bounty,92,10,0
alexishine,2026-04-11,bounty,93,5,0
maria_merlot,2026-04-12,triple shot,1,890,0
bogdansskii,2026-04-12,triple shot,2,835,0
Niko,2026-04-12,triple shot,3,780,0
Кинзу,2026-04-12,triple shot,4,725,0
Я ненавижу покер v.2,2026-04-12,triple shot,5,670,0
stepblv,2026-04-12,triple shot,6,615,0
E_ishutkin,2026-04-12,triple shot,7,560,0
Добросердечный,2026-04-12,triple shot,8,505,0
Пассажир,2026-04-12,triple shot,9,450,0
Rik_dds,2026-04-12,triple shot,10,395,0
EbalyakY,2026-04-12,triple shot,11,390,0
Сокол,2026-04-12,triple shot,12,385,0
Roman_Furtatov,2026-04-12,triple shot,13,380,0
дисциплина,2026-04-12,triple shot,14,375,0
Котяра,2026-04-12,triple shot,15,370,0
Бэндер,2026-04-12,triple shot,16,365,0
finch79,2026-04-12,triple shot,17,360,0
Настя дай стек,2026-04-12,triple shot,18,355,0
Чекист,2026-04-12,triple shot,19,300,0
yankkk,2026-04-12,triple shot,20,295,0
Dinz,2026-04-12,triple shot,21,290,0
yakushevass,2026-04-12,triple shot,22,285,0
krkorporassion,2026-04-12,triple shot,23,280,0
Mozilo,2026-04-12,triple shot,24,275,0
nesmotri_v_shelll1,2026-04-12,triple shot,25,270,0
EliasPavlov,2026-04-12,triple shot,26,265,0
iamgroot,2026-04-12,triple shot,27,260,0
Пиковая Дама,2026-04-12,triple shot,28,255,0
Bushido,2026-04-12,triple shot,29,250,0
sl1dbygad,2026-04-12,triple shot,30,245,0
Staryii,2026-04-12,triple shot,31,240,0
Руслан,2026-04-12,triple shot,32,235,0
Retbin,2026-04-12,triple shot,33,230,0
rusya6996,2026-04-12,triple shot,34,225,0
ЭтоМойНик,2026-04-12,triple shot,35,220,0
Vitos2049,2026-04-12,triple shot,36,215,0
Obscur,2026-04-12,triple shot,37,210,0
stitch785,2026-04-12,triple shot,38,205,0
Славный парень,2026-04-12,triple shot,39,200,0
TimuR,2026-04-12,triple shot,40,195,0
Mark,2026-04-12,triple shot,41,190,0
Драйв,2026-04-12,triple shot,42,185,0
Антуан Гризманн,2026-04-12,triple shot,43,180,0
Ромчик,2026-04-12,triple shot,44,175,0
traaast,2026-04-12,triple shot,45,170,0
ustayonmymind,2026-04-12,triple shot,46,165,0
Директор,2026-04-12,triple shot,47,160,0
Демсик,2026-04-12,triple shot,48,155,0
Сан Саныч,2026-04-12,triple shot,49,150,0
matveychikkk,2026-04-12,triple shot,50,145,0
Vromanov,2026-04-12,triple shot,51,140,0
Плейбой в карты,2026-04-12,triple shot,52,135,0
kript_L,2026-04-12,triple shot,53,130,0
nareccccck,2026-04-12,triple shot,54,125,0
lildinozz,2026-04-12,triple shot,55,120,0
Аскар,2026-04-12,triple shot,56,115,0
pavel,2026-04-12,triple shot,57,110,0
salatikkkkss,2026-04-12,triple shot,58,105,0
ALismailovv,2026-04-12,triple shot,59,100,0
Шамиль,2026-04-12,triple shot,60,95,0
Th0rstein,2026-04-12,triple shot,61,90,0
EvgenAz24,2026-04-12,triple shot,62,85,0
raichenok,2026-04-12,triple shot,63,80,0
Monashkа,2026-04-12,triple shot,64,75,0
Davinaru,2026-04-12,triple shot,65,70,0
@TryFraiz,2026-04-12,triple shot,66,65,0
damashniy,2026-04-12,triple shot,67,60,0
Ilya_,2026-04-12,triple shot,68,55,0
Chesters,2026-04-12,triple shot,69,50,0
В азарт не входим,2026-04-12,triple shot,70,45,0
AnastasiaDamaeva,2026-04-12,triple shot,71,40,0
wasapmaaan,2026-04-12,triple shot,72,35,0
ritasukhareva,2026-04-12,triple shot,73,30,0
Pat,2026-04-12,triple shot,74,25,0
No1z11,2026-04-12,triple shot,75,20,0
Great Teacher Onizuka,2026-04-12,triple shot,76,15,0
rzisha0,2026-04-12,triple shot,77,10,0
Monashka,2026-04-12,triple shot,78,5,0
Roman_Furtatov,2026-04-15,double rating points,1,1240,0
Руслан,2026-04-15,double rating points,2,1180,0
Гризли,2026-04-15,double rating points,3,1120,0
cheremsha,2026-04-15,double rating points,4,1060,0
Кинзу,2026-04-15,double rating points,5,1000,0
yakushevass,2026-04-15,double rating points,6,940,0
KidPoker,2026-04-15,double rating points,7,880,0
maria_merlot,2026-04-15,double rating points,8,820,0
Антуан Гризманн,2026-04-15,double rating points,9,760,0
Bushido,2026-04-15,double rating points,10,700,0
sl1dbygad,2026-04-15,double rating points,11,690,0
clayzid,2026-04-15,double rating points,12,680,0
Я ненавижу покер v.2,2026-04-15,double rating points,13,670,0
MMM,2026-04-15,double rating points,14,660,0
Пупупу,2026-04-15,double rating points,15,650,0
Babken_barber,2026-04-15,double rating points,16,640,0
дисциплина,2026-04-15,double rating points,17,630,0
hachatur,2026-04-15,double rating points,18,620,0
Obscur,2026-04-15,double rating points,19,560,0
Отец Дмитрий,2026-04-15,double rating points,20,550,0
Moпс,2026-04-15,double rating points,21,540,0
Добряк,2026-04-15,double rating points,22,530,0
E_ishutkin,2026-04-15,double rating points,23,520,0
ЭтоМойНик,2026-04-15,double rating points,24,510,0
кинчоч,2026-04-15,double rating points,25,500,0
ksuhony,2026-04-15,double rating points,26,490,0
В азарт не входим,2026-04-15,double rating points,27,480,0
bogdansskii,2026-04-15,double rating points,28,470,0
Котяра,2026-04-15,double rating points,29,460,0
Добросердечный,2026-04-15,double rating points,30,450,0
Mihmbox,2026-04-15,double rating points,31,440,0
jieb,2026-04-15,double rating points,32,430,0
Amaney,2026-04-15,double rating points,33,420,0
Danila158,2026-04-15,double rating points,34,410,0
Сан Саныч,2026-04-15,double rating points,35,400,0
Бэндер,2026-04-15,double rating points,36,390,0
Mark,2026-04-15,double rating points,37,380,0
Викусик,2026-04-15,double rating points,38,370,0
Belladonna,2026-04-15,double rating points,39,360,0
Кальян,2026-04-15,double rating points,40,350,0
Al,2026-04-15,double rating points,41,340,0
sushk0v_aa,2026-04-15,double rating points,42,330,0
Kanti,2026-04-15,double rating points,43,320,0
Плейбой в карты,2026-04-15,double rating points,44,310,0
7,2026-04-15,double rating points,45,300,0
LateNightCraver,2026-04-15,double rating points,46,290,0
Chinaski,2026-04-15,double rating points,47,280,0
Niko,2026-04-15,double rating points,48,270,0
Сокол,2026-04-15,double rating points,49,260,0
chinamankа,2026-04-15,double rating points,50,250,0
Настя дай стек,2026-04-15,double rating points,51,240,0
arinaaaww,2026-04-15,double rating points,52,230,0
Serg,2026-04-15,double rating points,53,220,0
ЛЕНИН,2026-04-15,double rating points,54,210,0
EliasPavlov,2026-04-15,double rating points,55,200,0
Драйв,2026-04-15,double rating points,56,190,0
lavr,2026-04-15,double rating points,57,180,0
Андрюха Пират,2026-04-15,double rating points,58,170,0
stil9ger,2026-04-15,double rating points,59,160,0
Legi,2026-04-15,double rating points,60,150,0
reidssm,2026-04-15,double rating points,61,140,0
Ромчик,2026-04-15,double rating points,62,130,0
Пиковая Дама,2026-04-15,double rating points,63,120,0
Пассажир,2026-04-15,double rating points,64,110,0
Донная мощь,2026-04-15,double rating points,65,100,0
Никитос,2026-04-15,double rating points,66,90,0
wiwka11,2026-04-15,double rating points,67,80,0
Mironencko,2026-04-15,double rating points,68,70,0
llarinnnnn,2026-04-15,double rating points,69,60,0
OwTlion,2026-04-15,double rating points,70,50,0
ananyeuskaya,2026-04-15,double rating points,71,40,0
Teslatol,2026-04-15,double rating points,72,30,0
st_lovlykiller,2026-04-15,double rating points,73,20,0
Seleedka,2026-04-15,double rating points,74,10,0
В азарт не входим,2026-04-16,high roller,1,1000,0
KapraL_27,2026-04-16,high roller,2,850,0
Кинзу,2026-04-16,high roller,3,750,0
lilyokge,2026-04-16,high roller,4,680,0
Кальян,2026-04-16,high roller,5,620,0
Руслан,2026-04-16,high roller,6,570,0
bogdansskii,2026-04-16,high roller,7,530,0
WHATSWRONGib,2026-04-16,high roller,8,500,0
Викусик,2026-04-16,high roller,9,470,0
Котяра,2026-04-16,high roller,10,450,0
Я ненавижу покер v.2,2026-04-16,high roller,11,430,0
ksuhony,2026-04-16,high roller,12,415,0
sl1dbygad,2026-04-16,high roller,13,400,0
Kanti,2026-04-16,high roller,14,385,0
glava9,2026-04-16,high roller,15,370,0
3y6a,2026-04-16,high roller,16,355,0
ProkoofevWriter,2026-04-16,high roller,17,340,0
CR7,2026-04-16,high roller,18,325,0
Ташкент,2026-04-16,high roller,19,310,0
ПокерНЕок,2026-04-16,high roller,20,295,0
Rustam_Artamonov,2026-04-16,high roller,21,280,0
Vitos2049,2026-04-16,high roller,22,265,0
Roman_Furtatov,2026-04-16,high roller,23,250,0
yakushevass,2026-04-16,high roller,24,240,0
sasha12039,2026-04-16,high roller,25,230,0
yankkk,2026-04-16,high roller,26,220,0
Вадим,2026-04-16,high roller,27,215,0
MRX,2026-04-16,high roller,28,210,0
Staryii,2026-04-16,high roller,29,205,0
АРАМАИСКА,2026-04-16,high roller,30,200,0
Chicago,2026-04-16,high roller,31,0,0
Демсик,2026-04-16,high roller,32,0,0
Макс,2026-04-16,high roller,33,0,0
Lock,2026-04-16,high roller,34,0,0
Сан Саныч,2026-04-16,high roller,35,0,0
Напас,2026-04-16,high roller,36,0,0
Rik_dds,2026-04-16,high roller,37,0,0
Бэндер,2026-04-16,high roller,38,0,0
Cateroq,2026-04-16,high roller,39,0,0
set,2026-04-16,high roller,40,0,0
tt1ma23,2026-04-16,high roller,41,0,0
GodЗИЛLa,2026-04-16,high roller,42,0,0
Loosars,2026-04-16,high roller,43,0,0
tdd_miis,2026-04-16,high roller,44,0,0
sako,2026-04-16,high roller,45,0,0
millypoppins,2026-04-16,high roller,46,0,0
rusya6996,2026-04-16,high roller,47,0,0
Yanchik_250,2026-04-16,high roller,48,0,0
Narcho,2026-04-16,high roller,49,0,0
San4es055,2026-04-16,high roller,50,0,0
Плейбой в карты,2026-04-16,high roller,51,0,0
Настя дай стек,2026-04-16,high roller,52,0,0
igsaml,2026-04-16,high roller,53,0,0
STG,2026-04-16,high roller,54,0,0
maria_merlot,2026-04-16,high roller,55,0,0
Вкусность37,2026-04-16,high roller,56,0,0
szrvi,2026-04-16,high roller,57,0,0
Ilia M,2026-04-16,high roller,58,0,0
over9000mmr,2026-04-16,high roller,59,0,0
Bushido,2026-04-16,high roller,60,0,0
vovaa_25,2026-04-16,high roller,61,0,0
Obscur,2026-04-16,high roller,62,0,0
Yrs,2026-04-16,high roller,63,0,0
Стич,2026-04-16,high roller,64,0,0
Niko,2026-04-16,high roller,65,0,0
Brooklyn,2026-04-16,high roller,66,0,0
Julia_2499,2026-04-16,high roller,67,0,0
stil9ger,2026-04-16,high roller,68,0,0
Павел В,2026-04-16,high roller,69,0,0
Lazurin,2026-04-16,high roller,70,0,0
DVLADIMIRW,2026-04-16,high roller,71,0,0
kathrin_psy,2026-04-16,high roller,72,0,0
Anatoly_9999,2026-04-16,high roller,73,0,0
E_ishutkin,2026-04-16,high roller,74,0,0
Хайзенберг,2026-04-16,high roller,75,0,0
Голодный,2026-04-16,high roller,76,0,0
maxim_zinkov,2026-04-16,high roller,77,0,0
Suruchik,2026-04-16,high roller,78,0,0
Manhattan,2026-04-16,high roller,79,0,0
Number(cat),2026-04-16,high roller,80,0,0
Вильям Дефолд,2026-04-16,high roller,81,0,0
Vladlover,2026-04-16,high roller,82,0,0
Grotesque,2026-04-16,high roller,83,0,0
ns_sh,2026-04-16,high roller,84,0,0
Asakura_Russell,2026-04-16,high roller,85,0,0
Hiroshima,2026-04-16,high roller,86,0,0
eugenia_shere,2026-04-16,high roller,87,0,0
denisyoung04,2026-04-16,high roller,88,0,0
nasps,2026-04-16,high roller,89,0,0
Al,2026-04-16,high roller,90,0,0
romanchik2000,2026-04-16,high roller,91,0,0
Nolekri,2026-04-16,high roller,92,0,0
Проповедник,2026-04-16,high roller,93,0,0
Алала,2026-04-16,high roller,94,0,0
papaoleja,2026-04-16,high roller,95,0,0
googg11ee,2026-04-16,high roller,96,0,0
thmzng,2026-04-16,high roller,97,0,0
hobra1king,2026-04-16,high roller,98,0,0
Arti,2026-04-16,high roller,99,0,0
Никитос,2026-04-16,high roller,100,0,0
meow,2026-04-16,high roller,101,0,0
Gluckspilz8,2026-04-16,high roller,102,0,0
CheberkoGrisha,2026-04-16,high roller,103,0,0
VaidSim,2026-04-16,high roller,104,0,0
tda,2026-04-16,high roller,105,0,0
AntonyJones,2026-04-16,high roller,106,0,0
scotty21hotty,2026-04-16,high roller,107,0,0
iamgroot,2026-04-17,deep classic,1,915,0
NoWonder,2026-04-17,deep classic,2,860,0
Kanti,2026-04-17,deep classic,3,805,0
DmitryParf,2026-04-17,deep classic,4,750,0
Гризли,2026-04-17,deep classic,5,695,0
Бэндер,2026-04-17,deep classic,6,640,0
Я ненавижу покер v.2,2026-04-17,deep classic,7,585,0
Ryanlochte510,2026-04-17,deep classic,8,530,0
Chicago,2026-04-17,deep classic,9,475,0
Викусик,2026-04-17,deep classic,10,420,0
Roman_Furtatov,2026-04-17,deep classic,11,415,0
Руслан,2026-04-17,deep classic,12,410,0
lunarprismgms,2026-04-17,deep classic,13,405,0
krkorporassion,2026-04-17,deep classic,14,400,0
Chinaski,2026-04-17,deep classic,15,395,0
tt1ma23,2026-04-17,deep classic,16,390,0
Yanchik_250,2026-04-17,deep classic,17,385,0
magistral_smr,2026-04-17,deep classic,18,380,0
препод,2026-04-17,deep classic,19,325,0
Фиш,2026-04-17,deep classic,20,320,0
Niko,2026-04-17,deep classic,21,315,0
Benjaminim,2026-04-17,deep classic,22,310,0
@TryFraiz,2026-04-17,deep classic,23,305,0
бандэрос,2026-04-17,deep classic,24,300,0
Абеляр,2026-04-17,deep classic,25,295,0
snusare,2026-04-17,deep classic,26,290,0
ЛЕНИН,2026-04-17,deep classic,27,285,0
yankkk,2026-04-17,deep classic,28,280,0
ЭтоМойНик,2026-04-17,deep classic,29,275,0
Obscur,2026-04-17,deep classic,30,270,0
Котяра,2026-04-17,deep classic,31,265,0
В азарт не входим,2026-04-17,deep classic,32,260,0
Драйв,2026-04-17,deep classic,33,255,0
ksuhony,2026-04-17,deep classic,34,250,0
Katrin,2026-04-17,deep classic,35,245,0
Staryii,2026-04-17,deep classic,36,240,0
E_ishutkin,2026-04-17,deep classic,37,235,0
триумфатор ⚜,2026-04-17,deep classic,38,230,0
arinaaaww,2026-04-17,deep classic,39,225,0
rusya6996,2026-04-17,deep classic,40,220,0
San4es055,2026-04-17,deep classic,41,215,0
Riteral,2026-04-17,deep classic,42,210,0
Al,2026-04-17,deep classic,43,205,0
Rik_dds,2026-04-17,deep classic,44,200,0
cheremsha,2026-04-17,deep classic,45,195,0
Chimedaschool1,2026-04-17,deep classic,46,190,0
szrvi,2026-04-17,deep classic,47,185,0
yakushevass,2026-04-17,deep classic,48,180,0
bosoyi,2026-04-17,deep classic,49,175,0
Настя дай стек,2026-04-17,deep classic,50,170,0
dunkaeva,2026-04-17,deep classic,51,165,0
clayzid,2026-04-17,deep classic,52,160,0
Bruschetta,2026-04-17,deep classic,53,155,0
Legi,2026-04-17,deep classic,54,150,0
Shuricspinoza,2026-04-17,deep classic,55,145,0
KapraL_27,2026-04-17,deep classic,56,140,0
АРАМАИСКА,2026-04-17,deep classic,57,135,0
stepblv,2026-04-17,deep classic,58,130,0
Ali,2026-04-17,deep classic,59,125,0
Bagira,2026-04-17,deep classic,60,120,0
llarinnnnn,2026-04-17,deep classic,61,115,0
db_jo,2026-04-17,deep classic,62,110,0
Brooklyn,2026-04-17,deep classic,63,105,0
кинчоч,2026-04-17,deep classic,64,100,0
Гонзалес,2026-04-17,deep classic,65,95,0
Плейбой в карты,2026-04-17,deep classic,66,90,0
дисциплина,2026-04-17,deep classic,67,85,0
Frodo,2026-04-17,deep classic,68,80,0
Кинзу,2026-04-17,deep classic,69,75,0
739000541,2026-04-17,deep classic,70,70,0
sl1dbygad,2026-04-17,deep classic,71,65,0
2ndfl,2026-04-17,deep classic,72,60,0
Sr_Babich,2026-04-17,deep classic,73,55,0
Defi,2026-04-17,deep classic,74,50,0
Хэнк Муди,2026-04-17,deep classic,75,45,0
Chumba656,2026-04-17,deep classic,76,40,0
Faaram,2026-04-17,deep classic,77,35,0
IvanPrivetov,2026-04-17,deep classic,78,30,0
Manhattan,2026-04-17,deep classic,79,25,0
juliabald,2026-04-17,deep classic,80,20,0
Serebro,2026-04-17,deep classic,81,15,0
stasolxxx,2026-04-17,deep classic,82,10,0
rs_racing,2026-04-17,deep classic,83,5,0
SPQR,2026-04-18,bounty,1,1210,9
Абеляр,2026-04-18,bounty,2,1035,3
FISHer,2026-04-18,bounty,3,1020,5
rusya6996,2026-04-18,bounty,4,1225,18
Драйв,2026-04-18,bounty,5,850,2
Mihmbox,2026-04-18,bounty,6,815,3
E_ishutkin,2026-04-18,bounty,7,1020,16
Тихоня,2026-04-18,bounty,8,665,1
Я ненавижу покер v.2,2026-04-18,bounty,9,630,2
kirienish,2026-04-18,bounty,10,735,10
@TryFraiz,2026-04-18,bounty,11,670,7
Добросердечный,2026-04-18,bounty,12,565,2
Roman_Furtatov,2026-04-18,bounty,13,600,4
NoWonder,2026-04-18,bounty,14,515,0
vasya_pent,2026-04-18,bounty,15,610,5
Гризли,2026-04-18,bounty,16,725,11
artyomkalina,2026-04-18,bounty,17,500,0
mvkiss,2026-04-18,bounty,18,495,0
oskorlapok,2026-04-18,bounty,19,460,1
KidPoker,2026-04-18,bounty,20,475,2
Yars,2026-04-18,bounty,21,430,0
Obscur,2026-04-18,bounty,22,485,3
ksuhony,2026-04-18,bounty,23,440,1
Legi,2026-04-18,bounty,24,455,2
Retbin,2026-04-18,bounty,25,410,0
milaa_khud,2026-04-18,bounty,26,425,1
dama_pica,2026-04-18,bounty,27,440,2
Настя дай ребай блат,2026-04-18,bounty,28,435,2
y_dedm,2026-04-18,bounty,29,430,2
Amaney,2026-04-18,bounty,30,525,7
Иван777,2026-04-18,bounty,31,420,2
Бэндер,2026-04-18,bounty,32,375,0
Sladky,2026-04-18,bounty,33,390,1
Roberto,2026-04-18,bounty,34,365,0
SUR105,2026-04-18,bounty,35,480,6
Тигран,2026-04-18,bounty,36,395,2
alexishine,2026-04-18,bounty,37,370,1
nnnekk,2026-04-18,bounty,38,345,0
nesmotri_v_shelll1,2026-04-18,bounty,39,380,2
riririna,2026-04-18,bounty,40,355,1
ceocench23,2026-04-18,bounty,41,410,4
abic,2026-04-18,bounty,42,325,0
ddv,2026-04-18,bounty,43,360,2
Руслан,2026-04-18,bounty,44,355,2
Al,2026-04-18,bounty,45,330,1
freedlland,2026-04-18,bounty,46,345,2
Chesters,2026-04-18,bounty,47,300,0
DaryEI7,2026-04-18,bounty,48,335,2
finch79,2026-04-18,bounty,49,410,6
МК,2026-04-18,bounty,50,305,1
lilyokge,2026-04-18,bounty,51,300,1
FeMar13,2026-04-18,bounty,52,275,0
Kanti,2026-04-18,bounty,53,330,3
Chinaski,2026-04-18,bounty,54,265,0
averagemorningstarenjoyer,2026-04-18,bounty,55,300,2
mis_s_svetlana,2026-04-18,bounty,56,275,1
Котяра,2026-04-18,bounty,57,270,1
Luckymodjo,2026-04-18,bounty,58,405,8
Ruslan1,2026-04-18,bounty,59,280,2
clayzid,2026-04-18,bounty,60,235,0
Aleks_man,2026-04-18,bounty,61,230,0
rus210385,2026-04-18,bounty,62,265,2
Сан Саныч,2026-04-18,bounty,63,280,3
russo,2026-04-18,bounty,64,215,0
DrAnishka,2026-04-18,bounty,65,270,3
gev_01,2026-04-18,bounty,66,225,1
Левон,2026-04-18,bounty,67,200,0
mary_muse7,2026-04-18,bounty,68,195,0
Gluckspilz8,2026-04-18,bounty,69,190,0
Bagira,2026-04-18,bounty,70,185,0
ingratvendeur,2026-04-18,bounty,71,240,3
etheriallord(GWZNS),2026-04-18,bounty,72,195,1
geo_shish_ka,2026-04-18,bounty,73,210,2
elizabeth1p,2026-04-18,bounty,74,165,0
В азарт не входим,2026-04-18,bounty,75,280,6
youmasterlifegood,2026-04-18,bounty,76,275,6
profitrolli,2026-04-18,bounty,77,150,0
Yanchik_250,2026-04-18,bounty,78,145,0
bogdansskii,2026-04-18,bounty,79,200,3
Ayvazovskiy,2026-04-18,bounty,80,155,1
Agent_Georg,2026-04-18,bounty,81,170,2
Mozilo,2026-04-18,bounty,82,165,2
Myxa Andruha,2026-04-18,bounty,83,320,10
kirillkirill1,2026-04-18,bounty,84,215,5
TwentyOne,2026-04-18,bounty,85,230,6
Эльза UEG96,2026-04-18,bounty,86,105,0
Armando,2026-04-18,bounty,87,100,0
salatikkkkss,2026-04-18,bounty,88,95,0
триумфатор ⚜,2026-04-18,bounty,89,90,0
Anna_sim_tattoo_t,2026-04-18,bounty,90,105,1
mrsMarivanna,2026-04-18,bounty,91,80,0
Torozyans,2026-04-18,bounty,92,75,0
DenisBasmanov,2026-04-18,bounty,93,70,0
anastasyatoropkina,2026-04-18,bounty,94,105,2
pako_dp,2026-04-18,bounty,95,80,1
stilehendd,2026-04-18,bounty,96,55,0
SuD,2026-04-18,bounty,97,50,0
AnalSatan666,2026-04-18,bounty,98,45,0
rouqot,2026-04-18,bounty,99,40,0
msbxmx,2026-04-18,bounty,100,35,0
ttnnn,2026-04-18,bounty,101,30,0
Sveta_in_Gold,2026-04-18,bounty,102,25,0
Matthew,2026-04-18,bounty,103,20,0
EDGARIX,2026-04-18,bounty,104,15,0
lib4e,2026-04-18,bounty,105,10,0
Kirilll,2026-04-18,bounty,106,5,0
E_ishutkin,2026-04-19,triple shot,1,790,0
Roman_Furtatov,2026-04-19,triple shot,2,735,0
Chinaski,2026-04-19,triple shot,3,680,0
Влад MaJor Несмашный,2026-04-19,triple shot,4,625,0
ksuhony,2026-04-19,triple shot,5,570,0
anastasyatoropkina,2026-04-19,triple shot,6,515,0
Викусик,2026-04-19,triple shot,7,460,0
Lovell,2026-04-19,triple shot,8,405,0
EliasPavlov,2026-04-19,triple shot,9,350,0
Добросердечный,2026-04-19,triple shot,10,295,0
nesmotri_v_shelll1,2026-04-19,triple shot,11,290,0
yankkk,2026-04-19,triple shot,12,285,0
yakushevass,2026-04-19,triple shot,13,280,0
sl1dbygad,2026-04-19,triple shot,14,275,0
Я ненавижу покер v.2,2026-04-19,triple shot,15,270,0
Denis_Denisovi4,2026-04-19,triple shot,16,265,0
Плейбой в карты,2026-04-19,triple shot,17,260,0
artyomkalina,2026-04-19,triple shot,18,255,0
Котяра,2026-04-19,triple shot,19,200,0
szrvi,2026-04-19,triple shot,20,195,0
lilyokge,2026-04-19,triple shot,21,190,0
Коленвал,2026-04-19,triple shot,22,185,0
Аннэтт,2026-04-19,triple shot,23,180,0
Kanti,2026-04-19,triple shot,24,175,0
ajolana,2026-04-19,triple shot,25,170,0
VlaDDOS,2026-04-19,triple shot,26,165,0
В азарт не входим,2026-04-19,triple shot,27,160,0
Obscur,2026-04-19,triple shot,28,155,0
Rik_dds,2026-04-19,triple shot,29,150,0
Кинзу,2026-04-19,triple shot,30,145,0
Shuricspinoza,2026-04-19,triple shot,31,140,0
Бэндер,2026-04-19,triple shot,32,135,0
Руслан,2026-04-19,triple shot,33,130,0
Andre9082,2026-04-19,triple shot,34,125,0
yakudza_10,2026-04-19,triple shot,35,120,0
Гризли,2026-04-19,triple shot,36,115,0
Сан Саныч,2026-04-19,triple shot,37,110,0
Asakura_Russell,2026-04-19,triple shot,38,105,0
damashniy,2026-04-19,triple shot,39,100,0
avveev,2026-04-19,triple shot,40,95,0
turkoid,2026-04-19,triple shot,41,90,0
de_fino,2026-04-19,triple shot,42,85,0
b0n6ny,2026-04-19,triple shot,43,80,0
Unf1t,2026-04-19,triple shot,44,75,0
Sharif,2026-04-19,triple shot,45,70,0
Afteromanov,2026-04-19,triple shot,46,65,0
aisel_gizatova,2026-04-19,triple shot,47,60,0
EbalyakY,2026-04-19,triple shot,48,55,0
yan_romanovi4,2026-04-19,triple shot,49,50,0
finch79,2026-04-19,triple shot,50,45,0
yutanova,2026-04-19,triple shot,51,40,0
maria_merlot,2026-04-19,triple shot,52,35,0
Эрида,2026-04-19,triple shot,53,30,0
ustayonmymind,2026-04-19,triple shot,54,25,0
creg_tem,2026-04-19,triple shot,55,20,0
Matthew,2026-04-19,triple shot,56,15,0
Отец Дмитрий,2026-04-19,triple shot,57,10,0
Foru_Ban,2026-04-19,triple shot,58,5,0
В азарт не входим,2026-04-22,double rating points,1,1310,0
Я ненавижу покер v.2,2026-04-22,double rating points,2,1250,0
Руслан,2026-04-22,double rating points,3,1190,0
Акоп,2026-04-22,double rating points,4,1130,0
Kanti,2026-04-22,double rating points,5,1070,0
Андрюха Пират,2026-04-22,double rating points,6,1010,0
Roman_Furtatov,2026-04-22,double rating points,7,950,0
бандэрос,2026-04-22,double rating points,8,890,0
Добросердечный,2026-04-22,double rating points,9,830,0
Amaney,2026-04-22,double rating points,10,770,0
Чейз,2026-04-22,double rating points,11,760,0
dama_pica,2026-04-22,double rating points,12,750,0
Плейбой в карты,2026-04-22,double rating points,13,740,0
Котяра,2026-04-22,double rating points,14,730,0
Me1man77,2026-04-22,double rating points,15,720,0
E_ishutkin,2026-04-22,double rating points,16,710,0
szrvi,2026-04-22,double rating points,17,700,0
EliasPavlov,2026-04-22,double rating points,18,690,0
youmasterlifegood,2026-04-22,double rating points,19,630,0
Bagira,2026-04-22,double rating points,20,620,0
Serg,2026-04-22,double rating points,21,610,0
krkorporassion,2026-04-22,double rating points,22,600,0
CATALINA,2026-04-22,double rating points,23,590,0
Абеляр,2026-04-22,double rating points,24,580,0
sl1dbygad,2026-04-22,double rating points,25,570,0
yakushevass,2026-04-22,double rating points,26,560,0
Rik_dds,2026-04-22,double rating points,27,550,0
lavr,2026-04-22,double rating points,28,540,0
Гризли,2026-04-22,double rating points,29,530,0
nesmotri_v_shelll1,2026-04-22,double rating points,30,520,0
Obscur,2026-04-22,double rating points,31,510,0
кинчоч,2026-04-22,double rating points,32,500,0
bazanchita,2026-04-22,double rating points,33,490,0
Пиковая Дама,2026-04-22,double rating points,34,480,0
Викусик,2026-04-22,double rating points,35,470,0
Ташкент,2026-04-22,double rating points,36,460,0
gastey10,2026-04-22,double rating points,37,450,0
cheremsha,2026-04-22,double rating points,38,440,0
ksuhony,2026-04-22,double rating points,39,430,0
Настя дай стек,2026-04-22,double rating points,40,420,0
MRX,2026-04-22,double rating points,41,410,0
Mihmbox,2026-04-22,double rating points,42,400,0
Kiruxinson,2026-04-22,double rating points,43,390,0
duy27,2026-04-22,double rating points,44,380,0
stepblv,2026-04-22,double rating points,45,370,0
Bushido,2026-04-22,double rating points,46,360,0
ПокерНЕок,2026-04-22,double rating points,47,350,0
Niko,2026-04-22,double rating points,48,340,0
kirienish,2026-04-22,double rating points,49,330,0
ironmake,2026-04-22,double rating points,50,320,0
blockbody,2026-04-22,double rating points,51,310,0
Пассажир,2026-04-22,double rating points,52,300,0
clayzid,2026-04-22,double rating points,53,290,0
Бэндер,2026-04-22,double rating points,54,280,0
Драйв,2026-04-22,double rating points,55,270,0
poysty,2026-04-22,double rating points,56,260,0
Кинзу,2026-04-22,double rating points,57,250,0
Антуан Гризманн,2026-04-22,double rating points,58,240,0
Yanchik_250,2026-04-22,double rating points,59,230,0
MMM,2026-04-22,double rating points,60,220,0
Aronio,2026-04-22,double rating points,61,210,0
Саня,2026-04-22,double rating points,62,200,0
Никитос,2026-04-22,double rating points,63,190,0
KidPoker,2026-04-22,double rating points,64,180,0
дисциплина,2026-04-22,double rating points,65,170,0
rusya6996,2026-04-22,double rating points,66,160,0
sushk0v_aa,2026-04-22,double rating points,67,150,0
makarp_1405,2026-04-22,double rating points,68,140,0
Сан Саныч,2026-04-22,double rating points,69,130,0
stimylenok,2026-04-22,double rating points,70,120,0
АРАМАИСКА,2026-04-22,double rating points,71,110,0
ОлегСися,2026-04-22,double rating points,72,100,0
Vitos2049,2026-04-22,double rating points,73,90,0
Al,2026-04-22,double rating points,74,80,0
Лизаза,2026-04-22,double rating points,75,70,0
Питер Паркер,2026-04-22,double rating points,76,60,0
egorski,2026-04-22,double rating points,77,50,0
Darksider,2026-04-22,double rating points,78,40,0
Mohi,2026-04-22,double rating points,79,30,0
dunkaeva,2026-04-22,double rating points,80,20,0
Kimmi_l,2026-04-22,double rating points,81,10,0
Антуан Гризманн,2026-04-23,high roller,1,1000,0
nixsa_r,2026-04-23,high roller,2,850,0
Бэндер,2026-04-23,high roller,3,750,0
Kanti,2026-04-23,high roller,4,680,0
mkrnnv,2026-04-23,high roller,5,620,0
ksuhony,2026-04-23,high roller,6,570,0
Al,2026-04-23,high roller,7,530,0
Викусик,2026-04-23,high roller,8,500,0
Lazurin,2026-04-23,high roller,9,470,0
yakushevass,2026-04-23,high roller,10,450,0
Ilia M,2026-04-23,high roller,11,430,0
vovaa_25,2026-04-23,high roller,12,415,0
ДеД_ПиХтО,2026-04-23,high roller,13,400,0
inteuis,2026-04-23,high roller,14,385,0
Кальян,2026-04-23,high roller,15,370,0
E_ishutkin,2026-04-23,high roller,16,355,0
Ташкент,2026-04-23,high roller,17,340,0
Tema,2026-04-23,high roller,18,325,0
Тихоня,2026-04-23,high roller,19,310,0
ПокерНЕок,2026-04-23,high roller,20,295,0
Сема,2026-04-23,high roller,21,280,0
Котяра,2026-04-23,high roller,22,265,0
Strawberry,2026-04-23,high roller,23,250,0
youmasterlifegood,2026-04-23,high roller,24,240,0
poysty,2026-04-23,high roller,25,230,0
srgzorge,2026-04-23,high roller,26,220,0
Mohi,2026-04-23,high roller,27,215,0
Obscur,2026-04-23,high roller,28,210,0
Loosars,2026-04-23,high roller,29,205,0
SUR105,2026-04-23,high roller,30,200,0
glebiz,2026-04-23,high roller,31,0,0
stil9ger,2026-04-23,high roller,32,0,0
Bushido,2026-04-23,high roller,33,0,0
Niko,2026-04-23,high roller,34,0,0
Staryii,2026-04-23,high roller,35,0,0
7,2026-04-23,high roller,36,0,0
romanchik2000,2026-04-23,high roller,37,0,0
Rik_dds,2026-04-23,high roller,38,0,0
mercifullyy,2026-04-23,high roller,39,0,0
Yanchik_250,2026-04-23,high roller,40,0,0
Гризли,2026-04-23,high roller,41,0,0
senya57K,2026-04-23,high roller,42,0,0
Vladlover,2026-04-23,high roller,43,0,0
vad1m09473,2026-04-23,high roller,44,0,0
ywmoxd,2026-04-23,high roller,45,0,0
В азарт не входим,2026-04-23,high roller,46,0,0
Number(cat),2026-04-23,high roller,47,0,0
Vitos2049,2026-04-23,high roller,48,0,0
miroyals,2026-04-23,high roller,49,0,0
Вкусность37,2026-04-23,high roller,50,0,0
DaniilKBSn,2026-04-23,high roller,51,0,0
ddv,2026-04-23,high roller,52,0,0
dolMy,2026-04-23,high roller,53,0,0
Chesters,2026-04-23,high roller,54,0,0
maria_merlot,2026-04-23,high roller,55,0,0
Я ненавижу покер v.2,2026-04-23,high roller,56,0,0
Alumaz,2026-04-23,high roller,57,0,0
Julia_2499,2026-04-23,high roller,58,0,0
MRX,2026-04-23,high roller,59,0,0
ANUR1922,2026-04-23,high roller,60,0,0
ceocench23,2026-04-23,high roller,61,0,0
Ar1k_3,2026-04-23,high roller,62,0,0
tt1ma23,2026-04-23,high roller,63,0,0
Голодный,2026-04-23,high roller,64,0,0
Nekstrop,2026-04-23,high roller,65,0,0
дисциплина,2026-04-23,high roller,66,0,0
Straight 63,2026-04-23,high roller,67,0,0
3y6a,2026-04-23,high roller,68,0,0
thmzng,2026-04-23,high roller,69,0,0
YBBSHK,2026-04-23,high roller,70,0,0
stanis,2026-04-23,high roller,71,0,0
WHATSWRONGib,2026-04-23,high roller,72,0,0
Noize MC,2026-04-23,high roller,73,0,0
rusya6996,2026-04-23,high roller,74,0,0
Стич,2026-04-23,high roller,75,0,0
Максим2007,2026-04-23,high roller,76,0,0
stepblv,2026-04-23,high roller,77,0,0
krkorporassion,2026-04-23,high roller,78,0,0
Chicago,2026-04-23,high roller,79,0,0
WhereTheDragonsWent,2026-04-23,high roller,80,0,0
millypoppins,2026-04-23,high roller,81,0,0
t_r_lord,2026-04-23,high roller,82,0,0
Next,2026-04-23,high roller,83,0,0
zangetsssu,2026-04-23,high roller,84,0,0
bogdansskii,2026-04-23,high roller,85,0,0
iamgroot,2026-04-23,high roller,86,0,0
Shred,2026-04-23,high roller,87,0,0
базара нет,2026-04-23,high roller,88,0,0
sako,2026-04-23,high roller,89,0,0
Yung Christ,2026-04-23,high roller,90,0,0
yungplague,2026-04-23,high roller,91,0,0
Марат,2026-04-23,high roller,92,0,0
emvpy,2026-04-23,high roller,93,0,0
munkivugo,2026-04-23,high roller,94,0,0
sasha12039,2026-04-23,high roller,95,0,0
Thomas,2026-04-23,high roller,96,0,0
Hiroshima,2026-04-23,high roller,97,0,0
Deslis07,2026-04-23,high roller,98,0,0
sl1dbygad,2026-04-23,high roller,99,0,0
deps,2026-04-23,high roller,100,0,0
ns_sh,2026-04-23,high roller,101,0,0
максон,2026-04-23,high roller,102,0,0
Grotesque,2026-04-23,high roller,103,0,0
tdd_miis,2026-04-23,high roller,104,0,0
codleto,2026-04-23,high roller,105,0,0
Никитос,2026-04-23,high roller,106,0,0
Bagira,2026-04-23,high roller,107,0,0
Arthur,2026-04-23,high roller,108,0,0
as1iva,2026-04-23,high roller,109,0,0
RobertRakhmatullin,2026-04-23,high roller,110,0,0
chaczm,2026-04-23,high roller,111,0,0
M1kayt,2026-04-23,high roller,112,0,0
3310,2026-04-23,high roller,113,0,0
Кайф,2026-04-23,high roller,114,0,0
Manhattan,2026-04-23,high roller,115,0,0
Narcho,2026-04-23,high roller,116,0,0
Brooklyn,2026-04-23,high roller,117,0,0
over9000mmr,2026-04-23,high roller,118,0,0
Putin_presedent,2026-04-23,high roller,119,0,0
d_gordienko_d,2026-04-23,high roller,120,0,0
Yuren_4ik,2026-04-23,high roller,121,0,0
Антуан Гризманн,2026-04-24,deep classic,1,1010,0
Niko,2026-04-24,deep classic,2,955,0
xairullah,2026-04-24,deep classic,3,900,0
Chesters,2026-04-24,deep classic,4,845,0
В азарт не входим,2026-04-24,deep classic,5,790,0
Vitos2049,2026-04-24,deep classic,6,735,0
ksuhony,2026-04-24,deep classic,7,680,0
kykywka,2026-04-24,deep classic,8,625,0
Roman_Furtatov,2026-04-24,deep classic,9,570,0
ПокерНЕок,2026-04-24,deep classic,10,515,0
лучший игрок,2026-04-24,deep classic,11,510,0
Игорь,2026-04-24,deep classic,12,505,0
Комарик,2026-04-24,deep classic,13,500,0
Ganduras,2026-04-24,deep classic,14,495,0
Софья,2026-04-24,deep classic,15,490,0
Добросердечный,2026-04-24,deep classic,16,485,0
Драйв,2026-04-24,deep classic,17,480,0
Котяра,2026-04-24,deep classic,18,475,0
Руслан,2026-04-24,deep classic,19,420,0
ArtemDavidyan,2026-04-24,deep classic,20,415,0
Гризли,2026-04-24,deep classic,21,410,0
Rik_dds,2026-04-24,deep classic,22,405,0
Я ненавижу покер v.2,2026-04-24,deep classic,23,400,0
EliasPavlov,2026-04-24,deep classic,24,395,0
ЭтоМойНик,2026-04-24,deep classic,25,390,0
syancag,2026-04-24,deep classic,26,385,0
gamzloi,2026-04-24,deep classic,27,380,0
aisel_gizatova,2026-04-24,deep classic,28,375,0
Кинзу,2026-04-24,deep classic,29,370,0
Afteromanov,2026-04-24,deep classic,30,365,0
lucky_0ff,2026-04-24,deep classic,31,360,0
E_ishutkin,2026-04-24,deep classic,32,355,0
Birdi8,2026-04-24,deep classic,33,350,0
fe1k,2026-04-24,deep classic,34,345,0
Гоша,2026-04-24,deep classic,35,340,0
DannyKondr,2026-04-24,deep classic,36,335,0
Maya,2026-04-24,deep classic,37,330,0
Yars,2026-04-24,deep classic,38,325,0
Kiruxinson,2026-04-24,deep classic,39,320,0
heymanwakeup,2026-04-24,deep classic,40,315,0
hdsjdkdn,2026-04-24,deep classic,41,310,0
Надежда,2026-04-24,deep classic,42,305,0
Плейбой в карты,2026-04-24,deep classic,43,300,0
A_new_legend,2026-04-24,deep classic,44,295,0
Milana2244,2026-04-24,deep classic,45,290,0
Kirill92,2026-04-24,deep classic,46,285,0
meooowww29,2026-04-24,deep classic,47,280,0
maria_merlot,2026-04-24,deep classic,48,275,0
Obscur,2026-04-24,deep classic,49,270,0
Babay_001,2026-04-24,deep classic,50,265,0
turkoid,2026-04-24,deep classic,51,260,0
Aleksandrr,2026-04-24,deep classic,52,255,0
Варя,2026-04-24,deep classic,53,250,0
500 tonn,2026-04-24,deep classic,54,245,0
Shuricspinoza,2026-04-24,deep classic,55,240,0
@TryFraiz,2026-04-24,deep classic,56,235,0
finch79,2026-04-24,deep classic,57,230,0
дисциплина,2026-04-24,deep classic,58,225,0
sasha12039,2026-04-24,deep classic,59,220,0
Mark,2026-04-24,deep classic,60,215,0
Хэнк Муди,2026-04-24,deep classic,61,210,0
armenka_26,2026-04-24,deep classic,62,205,0
Al,2026-04-24,deep classic,63,200,0
Chinaski,2026-04-24,deep classic,64,195,0
mustkov,2026-04-24,deep classic,65,190,0
GodЗИЛLa,2026-04-24,deep classic,66,185,0
Staryii,2026-04-24,deep classic,67,180,0
Викусик,2026-04-24,deep classic,68,175,0
Amaney,2026-04-24,deep classic,69,170,0
nebolsina_n,2026-04-24,deep classic,70,165,0
Абеляр,2026-04-24,deep classic,71,160,0
nixsa_r,2026-04-24,deep classic,72,155,0
Агент Пи,2026-04-24,deep classic,73,150,0
nesmotri_v_shelll1,2026-04-24,deep classic,74,145,0
Михаил Ю,2026-04-24,deep classic,75,140,0
Voldemar,2026-04-24,deep classic,76,135,0
rusya6996,2026-04-24,deep classic,77,130,0
NoWonder,2026-04-24,deep classic,78,125,0
Гриша,2026-04-24,deep classic,79,120,0
supersuka,2026-04-24,deep classic,80,115,0
Maksim_T1,2026-04-24,deep classic,81,110,0
szinchenk0,2026-04-24,deep classic,82,105,0
glebiz,2026-04-24,deep classic,83,100,0
KidPoker,2026-04-24,deep classic,84,95,0
Bushido,2026-04-24,deep classic,85,90,0
Kanti,2026-04-24,deep classic,86,85,0
Gendalf,2026-04-24,deep classic,87,80,0
Не умничай,2026-04-24,deep classic,88,75,0
Legi,2026-04-24,deep classic,89,70,0
witoldkicker,2026-04-24,deep classic,90,65,0
frsv666,2026-04-24,deep classic,91,60,0
Сан Саныч,2026-04-24,deep classic,92,55,0
Nasvay,2026-04-24,deep classic,93,50,0
SUR105,2026-04-24,deep classic,94,45,0
yana_balts,2026-04-24,deep classic,95,40,0
bad_teacher,2026-04-24,deep classic,96,35,0
nuta23,2026-04-24,deep classic,97,30,0
MskAMV,2026-04-24,deep classic,98,25,0
Danvits,2026-04-24,deep classic,99,20,0
Jinko,2026-04-24,deep classic,100,15,0
Настя дай ребай блат,2026-04-24,deep classic,101,10,0
Gandoniha,2026-04-24,deep classic,102,5,0
averagemorningstarenjoyer,2026-04-25,bounty,1,1205,6
Руслан,2026-04-25,bounty,2,1330,15
finch79,2026-04-25,bounty,3,1075,5
Антуан Гризманн,2026-04-25,bounty,4,1000,4
nnnekk,2026-04-25,bounty,5,985,6
Niko,2026-04-25,bounty,6,910,5
Добросердечный,2026-04-25,bounty,7,875,6
jieb,2026-04-25,bounty,8,820,6
desssai,2026-04-25,bounty,9,785,7
clayzid,2026-04-25,bounty,10,590,0
Mihmbox,2026-04-25,bounty,11,745,8
ЛЕНИН,2026-04-25,bounty,12,680,5
ustayonmymind,2026-04-25,bounty,13,635,3
Georgiy10384749,2026-04-25,bounty,14,590,1
Владимир,2026-04-25,bounty,15,585,1
Сокол,2026-04-25,bounty,16,780,11
Julia_2499,2026-04-25,bounty,17,615,3
Obscur,2026-04-25,bounty,18,630,4
russo,2026-04-25,bounty,19,575,4
nkeitlin,2026-04-25,bounty,20,590,5
Vitos2049,2026-04-25,bounty,21,585,5
ПокерНЕок,2026-04-25,bounty,22,500,1
yurievna_tanita,2026-04-25,bounty,23,475,0
Kanti,2026-04-25,bounty,24,490,1
lilyokge,2026-04-25,bounty,25,485,1
dance_with_vlad,2026-04-25,bounty,26,480,1
Bushido,2026-04-25,bounty,27,615,8
maksim,2026-04-25,bounty,28,450,0
Кинзу,2026-04-25,bounty,29,445,0
@TryFraiz,2026-04-25,bounty,30,540,5
Стич,2026-04-25,bounty,31,455,1
Гризли,2026-04-25,bounty,32,470,2
AnastasiaKise,2026-04-25,bounty,33,505,4
Garyus,2026-04-25,bounty,34,440,1
Толстый,2026-04-25,bounty,35,495,4
EliasPavlov,2026-04-25,bounty,36,450,2
Драйв,2026-04-25,bounty,37,465,3
OlgaaGeorgieva,2026-04-25,bounty,38,400,0
Я ненавижу покер v.2,2026-04-25,bounty,39,395,0
mvkiss,2026-04-25,bounty,40,430,2
b0n6ny,2026-04-25,bounty,41,405,1
Anastasia,2026-04-25,bounty,42,380,0
VG,2026-04-25,bounty,43,375,0
Asakura_Russell,2026-04-25,bounty,44,490,6
MMM,2026-04-25,bounty,45,365,0
3y6a,2026-04-25,bounty,46,360,0
yakushevass,2026-04-25,bounty,47,455,5
Diosichekkk,2026-04-25,bounty,48,370,1
Blad,2026-04-25,bounty,49,345,0
Retbin,2026-04-25,bounty,50,340,0
oleg_krupnov,2026-04-25,bounty,51,395,3
rusya6996,2026-04-25,bounty,52,350,1
gastey10,2026-04-25,bounty,53,325,0
Котяра,2026-04-25,bounty,54,400,4
Ruslan1,2026-04-25,bounty,55,415,5
Matvei,2026-04-25,bounty,56,310,0
ser2315,2026-04-25,bounty,57,325,1
Chimedaschool1,2026-04-25,bounty,58,300,0
Diar,2026-04-25,bounty,59,335,2
Mark,2026-04-25,bounty,60,290,0
Roman_Furtatov,2026-04-25,bounty,61,305,1
shpatelan,2026-04-25,bounty,62,280,0
Chesters,2026-04-25,bounty,63,275,0
gaikir,2026-04-25,bounty,64,270,0
Luckymodjo,2026-04-25,bounty,65,345,4
Next,2026-04-25,bounty,66,260,0
Viper,2026-04-25,bounty,67,255,0
OwTlion,2026-04-25,bounty,68,250,0
ADdanyel,2026-04-25,bounty,69,285,2
Тигран,2026-04-25,bounty,70,260,1
Riteral,2026-04-25,bounty,71,315,4
RomanFsky,2026-04-25,bounty,72,250,1
dolMy,2026-04-25,bounty,73,305,4
yltanntt,2026-04-25,bounty,74,260,2
E_ishutkin,2026-04-25,bounty,75,335,6
ddv,2026-04-25,bounty,76,230,1
salatikkkkss,2026-04-25,bounty,77,205,0
Yanchik_250,2026-04-25,bounty,78,200,0
ksuhony,2026-04-25,bounty,79,215,1
Yrs,2026-04-25,bounty,80,210,1
В азарт не входим,2026-04-25,bounty,81,205,1
bogdansskii,2026-04-25,bounty,82,200,1
Chinaski,2026-04-25,bounty,83,175,0
дисциплина,2026-04-25,bounty,84,170,0
gekkkatta,2026-04-25,bounty,85,185,1
Rik_dds,2026-04-25,bounty,86,160,0
bogdanov,2026-04-25,bounty,87,175,1
MrGinny,2026-04-25,bounty,88,150,0
Пупупу,2026-04-25,bounty,89,145,0
ceocench23,2026-04-25,bounty,90,260,6
Erik,2026-04-25,bounty,91,135,0
psaylok,2026-04-25,bounty,92,150,1
vodka_matryoshka_balalaika,2026-04-25,bounty,93,205,4
Kalinychev,2026-04-25,bounty,94,160,2
ArtGro,2026-04-25,bounty,95,215,5
Algemist,2026-04-25,bounty,96,130,1
re_alxndr,2026-04-25,bounty,97,105,0
Sergeyy,2026-04-25,bounty,98,100,0
tost001,2026-04-25,bounty,99,175,4
Zireael,2026-04-25,bounty,100,110,1
sl1dbygad,2026-04-25,bounty,101,85,0
Mamoru,2026-04-25,bounty,102,120,2
nesmotri_v_shelll1,2026-04-25,bounty,103,75,0
Вадим,2026-04-25,bounty,104,70,0
sasha12039,2026-04-25,bounty,105,85,1
qoq091,2026-04-25,bounty,106,60,0
Abrikosiq11,2026-04-25,bounty,107,55,0
Korsunov_Evgenii,2026-04-25,bounty,108,70,1
Murkus,2026-04-25,bounty,109,45,0
Jisoo,2026-04-25,bounty,110,40,0
msbxmx,2026-04-25,bounty,111,35,0
Trickster,2026-04-25,bounty,112,30,0
skr_anton,2026-04-25,bounty,113,25,0
SuD,2026-04-25,bounty,114,20,0
dariafadeeva96,2026-04-25,bounty,115,15,0
Great Teacher Onizuka,2026-04-25,bounty,116,10,0
lexxuss7,2026-04-25,bounty,117,5,0
Пассажир,2026-04-26,triple shot,1,870,0
Roman_Furtatov,2026-04-26,triple shot,2,815,0
long_2203,2026-04-26,triple shot,3,760,0
stimylenok,2026-04-26,triple shot,4,705,0
cheremsha,2026-04-26,triple shot,5,650,0
eff1002,2026-04-26,triple shot,6,595,0
Отец Дмитрий,2026-04-26,triple shot,7,540,0
Shuricspinoza,2026-04-26,triple shot,8,485,0
nastyareshonova,2026-04-26,triple shot,9,430,0
E_ishutkin,2026-04-26,triple shot,10,375,0
Yanchik_250,2026-04-26,triple shot,11,370,0
Obscur,2026-04-26,triple shot,12,365,0
EliasPavlov,2026-04-26,triple shot,13,360,0
Я ненавижу покер v.2,2026-04-26,triple shot,14,355,0
Rik_dds,2026-04-26,triple shot,15,350,0
Кинзу,2026-04-26,triple shot,16,345,0
дисциплина,2026-04-26,triple shot,17,340,0
Аннэтт,2026-04-26,triple shot,18,335,0
Bushido,2026-04-26,triple shot,19,280,0
Kanti,2026-04-26,triple shot,20,275,0
Luckymodjo,2026-04-26,triple shot,21,270,0
angelika_sheifer,2026-04-26,triple shot,22,265,0
krvkk,2026-04-26,triple shot,23,260,0
Vitos2049,2026-04-26,triple shot,24,255,0
Marie,2026-04-26,triple shot,25,250,0
ksuhony,2026-04-26,triple shot,26,245,0
кинчоч,2026-04-26,triple shot,27,240,0
Миллиардова,2026-04-26,triple shot,28,235,0
Niko,2026-04-26,triple shot,29,230,0
ra_uffff,2026-04-26,triple shot,30,225,0
clayzid,2026-04-26,triple shot,31,220,0
aisel_gizatova,2026-04-26,triple shot,32,215,0
Afteromanov,2026-04-26,triple shot,33,210,0
Mark,2026-04-26,triple shot,34,205,0
womp13,2026-04-26,triple shot,35,200,0
Пиковая Дама,2026-04-26,triple shot,36,195,0
Плейбой в карты,2026-04-26,triple shot,37,190,0
Retbin,2026-04-26,triple shot,38,185,0
VlaDDOS,2026-04-26,triple shot,39,180,0
yakushevass,2026-04-26,triple shot,40,175,0
llqsmvaa,2026-04-26,triple shot,41,170,0
HellGnomik,2026-04-26,triple shot,42,165,0
Котяра,2026-04-26,triple shot,43,160,0
Number(cat),2026-04-26,triple shot,44,155,0
Настя дай стек,2026-04-26,triple shot,45,150,0
liykaaa,2026-04-26,triple shot,46,145,0
Chinaski,2026-04-26,triple shot,47,140,0
Margaery_ZHU,2026-04-26,triple shot,48,135,0
szrvi,2026-04-26,triple shot,49,130,0
TryFraiz,2026-04-26,triple shot,50,125,0
Ryanlochte510,2026-04-26,triple shot,51,120,0
omlet67,2026-04-26,triple shot,52,115,0
Уничтожатор3000,2026-04-26,triple shot,53,110,0
yenaqq,2026-04-26,triple shot,54,105,0
Dupont,2026-04-26,triple shot,55,100,0
Abstract,2026-04-26,triple shot,56,95,0
дюдю221,2026-04-26,triple shot,57,90,0
alchemic479,2026-04-26,triple shot,58,85,0
лучший игрок,2026-04-26,triple shot,59,80,0
soufgxxx,2026-04-26,triple shot,60,75,0
Нагибатор 228,2026-04-26,triple shot,61,70,0
Pat,2026-04-26,triple shot,62,65,0
Great Teacher Onizuka,2026-04-26,triple shot,63,60,0
mrsMarivanna,2026-04-26,triple shot,64,55,0
krasnay,2026-04-26,triple shot,65,50,0
Эклерчик,2026-04-26,triple shot,66,45,0
nekrasovsll,2026-04-26,triple shot,67,40,0
Angel,2026-04-26,triple shot,68,35,0
AsunaGod,2026-04-26,triple shot,69,30,0
Gregory_Semashko,2026-04-26,triple shot,70,25,0
oksana_cosm_shukinskaia,2026-04-26,triple shot,71,20,0
imt360_ATDK,2026-04-26,triple shot,72,15,0
Lu,2026-04-26,triple shot,73,10,0
Anna,2026-04-26,triple shot,74,5,0